id,nombre,apellido,email,numeroDeTelefono,direccion,eliminado
1,Kaila,Brydone,kbrydone0@umn.edu,4239570975,66 Banding Trail,true
2,Shelley,Heeran,sheeran1@gmpg.org,5122118089,0 Stuart Drive,false
3,Jeralee,Tapp,jtapp2@theglobeandmail.com,9142643240,5221 Memorial Alley,true
4,Beau,Young,byoung3@ibm.com,8621344165,55 Loftsgordon Point,true
5,Kaylee,Ramshaw,kramshaw4@un.org,4506786129,173 Fairview Circle,true
6,Martguerita,Morton,mmorton5@ning.com,7268203555,6656 Columbus Hill,true
7,Winne,Stelle,wstelle6@phpbb.com,6151769501,16 Carioca Hill,false
8,Keenan,Joffe,kjoffe7@imdb.com,5338165545,395 Old Shore Lane,false
9,Lynna,Booi,lbooi8@loc.gov,4007002884,80773 Springs Crossing,true
10,Gipsy,Manwell,gmanwell9@cpanel.net,5663961341,8260 Bobwhite Point,true
11,Vida,Keson,vkesona@senate.gov,8336282765,24997 Toban Hill,true
12,Cherie,Drohan,cdrohanb@slideshare.net,5098941069,1 Westend Hill,true
13,Veriee,Ingleston,vinglestonc@macromedia.com,3876172385,023 Mitchell Hill,true
14,Bobby,Lampen,blampend@sitemeter.com,4323167058,01 Sutherland Lane,true
15,Electra,Langhorn,elanghorne@privacy.gov.au,4691460980,8 Lakeland Pass,true
16,Lucia,Speed,lspeedf@skyrock.com,1343045270,606 Macpherson Pass,false
17,Erick,Carrick,ecarrickg@cnbc.com,8381024397,56151 Doe Crossing Road,false
18,Germaine,Belly,gbellyh@printfriendly.com,4633847235,7 Memorial Crossing,false
19,Fionna,Matzen,fmatzeni@earthlink.net,2736298558,2201 Dorton Terrace,false
20,Clementius,Buttrey,cbuttreyj@facebook.com,5127394729,749 Chive Drive,true
21,Keely,Edwick,kedwickk@squidoo.com,3753015762,017 International Street,false
22,Lorne,Blaszczynski,lblaszczynskil@bluehost.com,9067749796,28465 Northwestern Circle,false
23,Carlina,Vernau,cvernaum@devhub.com,9997775064,78182 Kinsman Point,true
24,Marvin,Budgett,mbudgettn@phpbb.com,2758100104,40826 Straubel Pass,true
25,Germayne,Meacher,gmeachero@ox.ac.uk,8752286632,4043 Thompson Point,true
26,Antonius,Amiable,aamiablep@devhub.com,1483294287,152 Evergreen Hill,false
27,Catlaina,Culpin,cculpinq@virginia.edu,1383786133,25 Red Cloud Center,true
28,Baxie,Shinton,bshintonr@theglobeandmail.com,5322201035,9 Menomonie Circle,true
29,Elfrieda,Scutt,escutts@hao123.com,2938175062,9 Gerald Place,true
30,Dar,Scamaden,dscamadent@dion.ne.jp,5765901042,384 Weeping Birch Place,true
31,Damian,Brind,dbrindu@weebly.com,8756158144,492 Dwight Pass,false
32,Tommie,Schorah,tschorahv@about.com,8911486044,07540 Dunning Center,true
33,Gabriele,MacPeice,gmacpeicew@ask.com,2438090777,9 Menomonie Pass,false
34,Bradford,Burde,bburdex@drupal.org,3407333324,5 Toban Junction,true
35,Shae,Grent,sgrenty@yolasite.com,1815990151,813 John Wall Center,false
36,Nance,Cheeke,ncheekez@facebook.com,8292261130,058 Blaine Point,true
37,Innis,Aslett,iaslett10@timesonline.co.uk,7421828127,8 Union Way,false
38,Seline,Turley,sturley11@ucoz.com,3876938042,6 Norway Maple Trail,false
39,Tatum,Krauss,tkrauss12@google.com.hk,1565679751,06 La Follette Trail,false
40,Brad,Giroldo,bgiroldo13@prnewswire.com,8236668146,17083 Bay Center,false
41,Charil,Whitter,cwhitter14@mozilla.com,7611270291,7 Westridge Junction,true
42,Patrick,Moses,pmoses15@senate.gov,8192694666,67129 Messerschmidt Pass,true
43,Sheffie,Ordidge,sordidge16@wired.com,6764348493,25317 Mcbride Alley,false
44,Drucy,Jardine,djardine17@addtoany.com,4774292997,1 Caliangt Park,true
45,Marietta,Bickerstaffe,mbickerstaffe18@businessinsider.com,2879156723,17383 Coleman Junction,false
46,Cirstoforo,Rizzardini,crizzardini19@wikispaces.com,4159516750,189 Drewry Road,false
47,Jacki,Turmell,jturmell1a@yahoo.co.jp,5978429819,9 Montana Point,false
48,Gerry,Gatesman,ggatesman1b@goo.ne.jp,1793893951,9 Colorado Junction,true
49,Ellis,Kubat,ekubat1c@netscape.com,4202386662,737 Thompson Junction,false
50,Ange,Hillen,ahillen1d@fc2.com,7182586300,2837 Eggendart Junction,false
51,Denyse,Sperwell,dsperwell1e@ocn.ne.jp,8014591741,1934 Waxwing Center,true
52,Brandais,Blevin,bblevin1f@1und1.de,1348293392,57980 Northfield Terrace,true
53,Hillier,Bownd,hbownd1g@cnbc.com,3855320063,14020 Golden Leaf Hill,true
54,Ginny,Searby,gsearby1h@sfgate.com,2034305264,532 Carioca Road,true
55,Geneva,Benettolo,gbenettolo1i@google.de,9426749105,69215 Wayridge Way,true
56,Bertie,MacKellen,bmackellen1j@hp.com,1974008639,1015 Thierer Street,true
57,Tyne,Stredwick,tstredwick1k@fastcompany.com,2866182338,9633 Wayridge Drive,true
58,Ruggiero,Arderne,rarderne1l@statcounter.com,4798916515,5 Division Park,true
59,Stevena,Pudner,spudner1m@statcounter.com,5308268184,62 Scofield Plaza,true
60,Natalina,Gregorio,ngregorio1n@discovery.com,3457781418,0 Roxbury Pass,true
61,Far,Rannald,frannald1o@addthis.com,5781648419,1885 Sachs Park,false
62,Reggie,Parks,rparks1p@baidu.com,2356010941,4 Elmside Pass,true
63,Anselma,Shillitoe,ashillitoe1q@mapquest.com,7796408032,8 Kings Hill,false
64,Em,Sprackling,esprackling1r@oracle.com,2965585041,54879 Sutherland Road,false
65,Demott,Mountstephen,dmountstephen1s@dot.gov,8277214948,9788 Lyons Lane,true
66,Ambrosius,McCartney,amccartney1t@census.gov,2058801932,2 Merchant Center,true
67,Tyson,Kalvin,tkalvin1u@yale.edu,1387793433,1531 Buell Lane,false
68,Peri,Geikie,pgeikie1v@themeforest.net,2734845323,1746 Longview Way,true
69,Elinor,Shreve,eshreve1w@slideshare.net,9031094443,366 Schlimgen Place,false
70,Giovanna,Garman,ggarman1x@so-net.ne.jp,3043230777,0727 Pierstorff Alley,false
71,Giralda,Twelvetrees,gtwelvetrees1y@diigo.com,4251372670,9 Fuller Court,true
72,Cathyleen,Bindin,cbindin1z@intel.com,9156504594,1593 Bartillon Place,true
73,Chen,Lissett,clissett20@answers.com,4884777189,561 Sundown Crossing,true
74,Carlin,O'Fergus,cofergus21@bloglines.com,5764311909,4025 Bellgrove Alley,false
75,Kristopher,Mushett,kmushett22@comcast.net,9506395975,023 Mifflin Crossing,true
76,Brigit,Posen,bposen23@comcast.net,4238965844,828 Clemons Plaza,true
77,Findley,Eyre,feyre24@etsy.com,2711615016,43 Service Circle,false
78,Marsha,Hiner,mhiner25@myspace.com,3714092018,01862 Spaight Way,true
79,Pincas,Robbs,probbs26@tinyurl.com,1087367532,7 Nelson Circle,false
80,Marya,Cleaton,mcleaton27@tiny.cc,1172305711,318 Judy Circle,true
81,Obed,Worshall,oworshall28@mtv.com,7938291333,640 Di Loreto Road,true
82,Jennifer,Denis,jdenis29@amazonaws.com,7115895070,7 Melrose Court,true
83,Jakie,Santore,jsantore2a@ucoz.ru,4705363228,90210 Trailsway Lane,false
84,Farrah,Bartusek,fbartusek2b@github.io,4314275750,7421 Knutson Terrace,true
85,Merry,Scough,mscough2c@surveymonkey.com,7567813660,22 Corscot Court,true
86,Garland,Semerad,gsemerad2d@facebook.com,9699698038,3216 Kipling Way,false
87,Daryle,Attenbrough,dattenbrough2e@people.com.cn,4458347270,8344 New Castle Avenue,true
88,Dana,Brogi,dbrogi2f@reddit.com,8769306267,67433 Coleman Parkway,false
89,Ingunna,Sindall,isindall2g@sciencedirect.com,4887425047,70968 Eagle Crest Avenue,false
90,Tessi,Doniso,tdoniso2h@studiopress.com,8068795936,296 Sloan Junction,true
91,Vidovik,Oakenford,voakenford2i@lulu.com,7372015011,08 Linden Plaza,false
92,Willette,Reddle,wreddle2j@newsvine.com,8991084337,0 Swallow Point,false
93,Daron,Stangroom,dstangroom2k@php.net,6692050642,43908 Cascade Lane,true
94,Adena,Valentin,avalentin2l@ibm.com,6102836942,32 Oakridge Plaza,false
95,Duff,Courtin,dcourtin2m@blogtalkradio.com,8719699518,8895 Blue Bill Park Road,true
96,Hadrian,Doorey,hdoorey2n@trellian.com,2749465062,270 Morrow Road,false
97,George,Bloss,gbloss2o@bloglines.com,4105526068,186 Dayton Trail,false
98,Concettina,Ronaghan,cronaghan2p@berkeley.edu,7031868944,6 Lakeland Parkway,false
99,Norry,Farnan,nfarnan2q@wordpress.com,6858113118,9113 Carpenter Place,true
100,Hamlin,Menhenitt,hmenhenitt2r@bigcartel.com,8049683666,94 Milwaukee Plaza,true
101,Nickie,Morrell,nmorrell2s@sohu.com,1419252683,4358 Bunker Hill Point,false
102,Melisande,Cassam,mcassam2t@blogspot.com,7103480044,8205 Autumn Leaf Terrace,true
103,Israel,Maund,imaund2u@reuters.com,4447520052,8 Jenna Parkway,false
104,Jervis,Harbar,jharbar2v@cnn.com,7952893160,43167 Stuart Plaza,true
105,Kendre,Cockshoot,kcockshoot2w@yelp.com,2999347059,4727 Jenifer Pass,false
106,Yalonda,Timmis,ytimmis2x@ca.gov,3287538424,66 Milwaukee Court,true
107,Brennan,Lightbourn,blightbourn2y@cdbaby.com,3139471857,241 Straubel Circle,true
108,Nelly,Varvara,nvarvara2z@nbcnews.com,2471325123,048 Loftsgordon Avenue,false
109,Clevie,Cello,ccello30@google.co.uk,2072254157,9938 Jay Drive,true
110,Cristen,Sharvell,csharvell31@a8.net,4205728323,5 Drewry Center,true
111,Alie,Yashnov,ayashnov32@newyorker.com,8418337984,84 Schiller Point,false
112,Myron,Cathrae,mcathrae33@dailymotion.com,6196002135,63663 Shelley Drive,true
113,Murdoch,Overton,moverton34@cbslocal.com,1189112223,03 Canary Way,false
114,Erskine,Minister,eminister35@yolasite.com,4124751042,92436 Thierer Road,true
115,Delbert,Seamer,dseamer36@nydailynews.com,6491752448,79 Quincy Pass,true
116,Morganne,Colthard,mcolthard37@facebook.com,2057127843,1179 Hagan Hill,true
117,Clarette,Schlagman,cschlagman38@google.com.au,9296135492,5 Karstens Point,false
118,Linn,Dallmann,ldallmann39@shareasale.com,5279897890,21788 Cottonwood Avenue,true
119,Erastus,Piddocke,epiddocke3a@live.com,8055494011,447 Vermont Crossing,false
120,Suki,Spellicy,sspellicy3b@berkeley.edu,7718442632,48 Grover Lane,false
121,Astra,Manders,amanders3c@xinhuanet.com,8298161897,83221 6th Court,false
122,Tedi,Caws,tcaws3d@digg.com,5716254778,2 Monica Crossing,false
123,Breena,Girling,bgirling3e@paypal.com,9132698252,40130 Eagan Court,true
124,Marcellina,Billitteri,mbillitteri3f@globo.com,6613137724,9394 Melby Street,true
125,Kermit,Simmons,ksimmons3g@google.it,9213714225,7987 Bunker Hill Terrace,false
126,Gayler,De Paoli,gdepaoli3h@google.it,7801964314,65 Kenwood Parkway,false
127,Blithe,Marguerite,bmarguerite3i@angelfire.com,8327404843,16465 Veith Plaza,true
128,Rafaellle,Fromant,rfromant3j@opera.com,8998994798,362 Karstens Way,false
129,Abrahan,Malshinger,amalshinger3k@ask.com,4387398963,8690 Gulseth Avenue,false
130,Brocky,Milborn,bmilborn3l@4shared.com,8444583511,9 Eggendart Plaza,true
131,Efren,Wathell,ewathell3m@blogger.com,6267099465,4 Graedel Crossing,true
132,Moyra,Roberti,mroberti3n@howstuffworks.com,9153131375,3 Bultman Park,true
133,Alethea,Teas,ateas3o@example.com,3332908592,528 Birchwood Trail,true
134,Berky,Staveley,bstaveley3p@discuz.net,9435849940,7 Johnson Trail,false
135,Araldo,Evangelinos,aevangelinos3q@nytimes.com,5203072623,89 Armistice Park,false
136,Corrina,Brandreth,cbrandreth3r@fastcompany.com,4651928746,345 Jay Point,true
137,Siusan,Poure,spoure3s@wisc.edu,2486328332,7 Blaine Point,true
138,Ivar,Hehir,ihehir3t@sun.com,5505138382,9933 Veith Hill,false
139,Romonda,Oliver-Paull,roliverpaull3u@moonfruit.com,7196987638,170 6th Trail,true
140,Myrtice,Breagan,mbreagan3v@people.com.cn,5869923055,183 Northland Court,true
141,Emmaline,Houchin,ehouchin3w@house.gov,4028560802,75988 Northridge Lane,false
142,Jules,Josse,jjosse3x@purevolume.com,5961086658,4947 Mifflin Drive,true
143,Dall,Cheake,dcheake3y@simplemachines.org,1505965700,8551 Longview Plaza,true
144,Chaddie,Looks,clooks3z@amazonaws.com,5887200135,1 Park Meadow Way,true
145,Mareah,Bangiard,mbangiard40@desdev.cn,2863641980,66091 Esker Way,true
146,Griffith,Manifield,gmanifield41@usgs.gov,6897242705,080 Morrow Avenue,false
147,Tiler,Trundell,ttrundell42@guardian.co.uk,7285642472,1 Everett Avenue,true
148,Karita,Swinbourne,kswinbourne43@oracle.com,7865123685,99414 Bartelt Plaza,true
149,Malva,Thaw,mthaw44@rakuten.co.jp,8357210208,691 Crowley Crossing,false
150,Clem,Stile,cstile45@xing.com,7361630489,7 David Street,true
151,Rod,Congreave,rcongreave46@furl.net,5558747076,0 Weeping Birch Lane,false
152,Tiffanie,Oglethorpe,toglethorpe47@sina.com.cn,4061399767,467 Esch Court,false
153,Francklin,Jugging,fjugging48@facebook.com,7386179978,09039 Kingsford Way,false
154,Carlos,Gasparro,cgasparro49@4shared.com,3442696208,8 Hoard Crossing,true
155,Shalne,Richardson,srichardson4a@t-online.de,3502352054,3461 Macpherson Way,false
156,Rachelle,Farnell,rfarnell4b@discovery.com,7874967319,138 Hermina Crossing,true
157,Pammi,Caustic,pcaustic4c@gizmodo.com,7206682592,0525 Westerfield Court,false
158,Miof mela,Humes,mhumes4d@intel.com,9155973785,64538 Vera Street,false
159,Finn,Vakhrushev,fvakhrushev4e@qq.com,6511721882,917 Huxley Pass,false
160,Audy,Shafto,ashafto4f@wix.com,9636982196,061 Northwestern Hill,false
161,Torre,Cabble,tcabble4g@virginia.edu,8665722647,7 Green Parkway,true
162,Hortensia,Dowsey,hdowsey4h@hostgator.com,1008715496,30 David Way,true
163,Denna,Nevett,dnevett4i@reference.com,7864482253,1046 Carioca Junction,true
164,Husain,Pena,hpena4j@ifeng.com,5677154745,316 Corben Plaza,true
165,Saunderson,Snelling,ssnelling4k@bloomberg.com,7636249784,43062 Oneill Parkway,true
166,Isidro,Brumby,ibrumby4l@cdc.gov,5707800393,36 3rd Trail,true
167,Merl,Livsey,mlivsey4m@dmoz.org,5857027901,018 Veith Lane,true
168,Merrili,Loche,mloche4n@uol.com.br,6717339643,336 Texas Center,false
169,Ingaborg,Kerkham,ikerkham4o@umich.edu,2179044247,12 Pond Pass,false
170,Domenic,Grumley,dgrumley4p@surveymonkey.com,4596731941,06482 Division Parkway,false
171,Bobby,Delgardo,bdelgardo4q@1und1.de,4314565591,43683 Sloan Road,false
172,Phillipe,Conduit,pconduit4r@quantcast.com,8941358532,942 Lyons Crossing,false
173,Marlin,Ollcott,mollcott4s@noaa.gov,3449579307,408 Sunfield Drive,true
174,Esme,Brownhall,ebrownhall4t@fema.gov,4997308823,5251 Lukken Alley,true
175,Sherwynd,Laurenz,slaurenz4u@gnu.org,7797105057,73530 Springview Alley,false
176,Felita,Vanyarkin,fvanyarkin4v@illinois.edu,4555683551,83347 Village Green Road,true
177,Danna,Mechi,dmechi4w@issuu.com,8804583412,84254 Dawn Avenue,true
178,Carolynn,Nibloe,cnibloe4x@theglobeandmail.com,5747078209,84 Summer Ridge Center,true
179,Melamie,Bowles,mbowles4y@blogtalkradio.com,4995023263,4739 Mcbride Way,false
180,Lacie,Backs,lbacks4z@live.com,2535023192,42136 Bashford Street,false
181,Melodee,Dallander,mdallander50@imgur.com,2627723603,84092 Susan Point,true
182,Felisha,Lindenbaum,flindenbaum51@dagondesign.com,8185230726,4811 Caliangt Crossing,true
183,Shani,Meneyer,smeneyer52@ask.com,2345802656,0 Canary Park,true
184,Peri,Manser,pmanser53@howstuffworks.com,9226365675,3170 Straubel Pass,true
185,Duff,Bunclark,dbunclark54@blogs.com,9418795721,63 Dawn Drive,false
186,Davine,Tavernor,dtavernor55@adobe.com,2104991547,95354 Melby Road,true
187,Ilysa,Vaughan-Hughes,ivaughanhughes56@aboutads.info,1168289856,49852 Surrey Plaza,false
188,Tamra,Mistry,tmistry57@scribd.com,3357688005,9229 Gulseth Circle,false
189,Gordon,Gritland,ggritland58@paginegialle.it,9606261456,36 Artisan Junction,false
190,Bernarr,Pietri,bpietri59@canalblog.com,9749068992,56520 Sheridan Point,true
191,Davidde,Crosdill,dcrosdill5a@addthis.com,2084521216,05042 Sloan Alley,false
192,Noll,Leversuch,nleversuch5b@feedburner.com,6851392411,31811 Hudson Street,false
193,Franny,Nesby,fnesby5c@jimdo.com,1489308873,18544 Thompson Avenue,true
194,Penni,Armsden,parmsden5d@istockphoto.com,1908298481,1499 Cherokee Plaza,false
195,Edeline,Simonazzi,esimonazzi5e@marriott.com,4168341273,586 Karstens Avenue,false
196,Anabelle,Studman,astudman5f@ebay.com,3761518791,0 6th Hill,false
197,Berget,Rosander,brosander5g@telegraph.co.uk,6211139224,634 Division Hill,false
198,Bertina,Yglesia,byglesia5h@hc360.com,9232323376,385 Meadow Vale Hill,false
199,Alistair,Roth,aroth5i@facebook.com,1515209405,7 Stuart Street,true
200,Samuel,Kellington,skellington5j@ox.ac.uk,8357070934,39296 American Ash Point,false
201,Berty,McNickle,bmcnickle5k@businessinsider.com,4222804155,391 Jana Center,false
202,Leoine,Futter,lfutter5l@miitbeian.gov.cn,5521017183,1922 Heffernan Center,true
203,Dwain,Burdekin,dburdekin5m@slate.com,6344678442,054 Old Gate Lane,false
204,Heida,McCallam,hmccallam5n@seattletimes.com,2056270341,61327 Maywood Street,false
205,Garner,Starsmeare,gstarsmeare5o@sourceforge.net,6797648576,603 Roth Road,false
206,Joelly,Heyward,jheyward5p@pen.io,1949864189,09890 Lukken Hill,false
207,Nata,Grzelewski,ngrzelewski5q@imdb.com,5815515106,1 Troy Circle,false
208,Conant,Eliff,celiff5r@elpais.com,4756018856,644 Kim Hill,false
209,Etheline,Gudgion,egudgion5s@bluehost.com,8764797362,535 Bashford Circle,true
210,Donetta,Rulton,drulton5t@eepurl.com,2965259251,48 Schlimgen Road,true
211,Hyacinthe,Dopson,hdopson5u@meetup.com,5477375891,1473 Fallview Park,false
212,Rina,Mulkerrins,rmulkerrins5v@guardian.co.uk,1844639766,567 Bartelt Alley,false
213,Johann,Bentke,jbentke5w@ask.com,2203009132,86739 Monument Hill,false
214,Boot,Ginty,bginty5x@omniture.com,3867926664,1 Hansons Lane,false
215,Mohandas,Finnis,mfinnis5y@umich.edu,8306411333,506 Dapin Crossing,true
216,Gerek,Giff,ggiff5z@unesco.org,5498618786,45 Hermina Way,false
217,Sol,Matiashvili,smatiashvili60@vinaora.com,7717095652,3 Green Ridge Trail,false
218,Kristopher,Petticrew,kpetticrew61@xing.com,9303920799,1 Meadow Ridge Park,false
219,Al,Abrahamsen,aabrahamsen62@barnesandnoble.com,1001973826,02 Maple Trail,true
220,Temple,Djekovic,tdjekovic63@storify.com,3633478121,91 6th Circle,false
221,Novelia,Kilian,nkilian64@spotify.com,3759098460,21 Linden Terrace,false
222,Obidiah,Mault,omault65@un.org,4802174091,2 Farwell Road,true
223,Sauncho,Mabe,smabe66@freewebs.com,4806667638,4414 Ronald Regan Crossing,true
224,Kissiah,Brightman,kbrightman67@networksolutions.com,8504379987,1 Bashford Place,false
225,Harris,Kille,hkille68@mlb.com,2221080098,68 Caliangt Court,true
226,Doyle,Tremontana,dtremontana69@fastcompany.com,9154974053,8 Redwing Lane,true
227,Crysta,Luno,cluno6a@php.net,5324190266,61 Scott Park,false
228,Dedra,Whyley,dwhyley6b@mozilla.org,9066248299,62 Harper Point,false
229,Crissie,Stangroom,cstangroom6c@yandex.ru,6078858427,5 Sheridan Lane,true
230,Wally,Applegarth,wapplegarth6d@sphinn.com,2105961533,95677 Oneill Drive,false
231,Cariotta,Gummory,cgummory6e@csmonitor.com,7294856853,089 Oxford Court,false
232,Kristoffer,Wurst,kwurst6f@nifty.com,8899324794,324 Kenwood Place,true
233,Christal,Miller,cmiller6g@tinypic.com,8651467749,32 Tony Hill,false
234,Tessi,Shearstone,tshearstone6h@exblog.jp,4718557260,87 Eggendart Alley,true
235,Bertie,Motto,bmotto6i@smh.com.au,2029101366,29 Bluestem Park,false
236,Madlen,Vassar,mvassar6j@wired.com,2431549596,64365 Forest Dale Crossing,true
237,Silvester,Excell,sexcell6k@bravesites.com,6893023482,933 Green Plaza,true
238,Gwenette,Hunnaball,ghunnaball6l@arizona.edu,5306344354,4 Ryan Junction,false
239,Brennen,Edess,bedess6m@spiegel.de,2122522186,68 Drewry Parkway,false
240,Tybi,Cowey,tcowey6n@mediafire.com,5016658799,09 Del Mar Street,true
241,Hamid,Roloff,hroloff6o@delicious.com,6271982041,34923 Ronald Regan Alley,true
242,Bevon,Linbohm,blinbohm6p@auda.org.au,6273860040,9 Ramsey Circle,true
243,Pacorro,Clooney,pclooney6q@senate.gov,9577638259,7662 Moland Avenue,true
244,Roz,Grant,rgrant6r@wsj.com,2258481232,0796 Mandrake Pass,true
245,Jaimie,Cranney,jcranney6s@seesaa.net,7729719606,8 Dryden Street,false
246,Sly,Riep,sriep6t@ox.ac.uk,3188323096,4 Meadow Ridge Parkway,true
247,Jaquelyn,Sowten,jsowten6u@dagondesign.com,7201474884,09071 Orin Center,true
248,Jelene,Daingerfield,jdaingerfield6v@facebook.com,4391987813,3 Mifflin Avenue,true
249,Abram,Sivill,asivill6w@dell.com,7681173492,276 Evergreen Lane,false
250,Raffarty,Carcass,rcarcass6x@stanford.edu,3497412303,0 Buena Vista Terrace,false
251,Oralle,Cozins,ocozins6y@cocolog-nifty.com,4674630180,5 5th Parkway,true
252,Giulietta,Clemmen,gclemmen6z@illinois.edu,9909824141,97 Bayside Crossing,false
253,Michail,Monery,mmonery70@harvard.edu,6927345814,4 Hintze Pass,false
254,Melisse,Rotham,mrotham71@pinterest.com,9668674508,830 Fallview Street,false
255,Milissent,Switzer,mswitzer72@mapy.cz,5675046531,9 Myrtle Road,true
256,Torey,Oriel,toriel73@theatlantic.com,4794922996,78 Moulton Parkway,false
257,Fonsie,Sousa,fsousa74@4shared.com,6668692724,64846 Magdeline Street,true
258,Maynord,Coltan,mcoltan75@webs.com,9826507364,35298 Ridge Oak Center,false
259,Luz,Laughren,llaughren76@bloglines.com,4219681320,99 Debra Avenue,true
260,Molli,Hellens,mhellens77@ucla.edu,3386774060,3455 Birchwood Court,true
261,Corbet,Baulk,cbaulk78@nhs.uk,3131709442,24669 Kenwood Parkway,false
262,Emmery,Beare,ebeare79@flavors.me,5403961529,45 Montana Avenue,true
263,Rivkah,Lathwell,rlathwell7a@plala.or.jp,1638372662,04790 Schurz Junction,true
264,Lynnet,Barukh,lbarukh7b@ucoz.ru,8735369256,81595 Maryland Center,true
265,Renado,Milmore,rmilmore7c@squarespace.com,7123600254,63707 Cascade Drive,true
266,Mariel,Loughnan,mloughnan7d@comcast.net,6753289588,31 Sunnyside Court,true
267,Berry,Baines,bbaines7e@japanpost.jp,2853316467,38616 Anniversary Point,false
268,Hollis,Lott,hlott7f@nhs.uk,9644486132,8663 Buell Hill,false
269,Zorina,Delnevo,zdelnevo7g@joomla.org,7268566678,03 Carpenter Terrace,false
270,Karisa,Scanderet,kscanderet7h@mozilla.org,5008302804,082 Kenwood Drive,true
271,Kurtis,Addison,kaddison7i@woothemes.com,4475346140,632 Onsgard Terrace,false
272,Jillayne,Bonar,jbonar7j@mlb.com,8594510021,7 Division Street,true
273,Emmy,Willavize,ewillavize7k@photobucket.com,1603299533,9742 Delladonna Point,true
274,Dora,Boteman,dboteman7l@vinaora.com,4069349189,61185 Bluejay Terrace,true
275,Sarita,Muggleton,smuggleton7m@skype.com,9822752659,7868 Prentice Court,false
276,Annissa,Lello,alello7n@irs.gov,5105236486,21 Fallview Junction,false
277,Allene,Colson,acolson7o@hud.gov,7166629470,46458 Sundown Terrace,false
278,Saraann,Izsak,sizsak7p@nytimes.com,6062414064,6933 Sutherland Circle,false
279,Lizette,Cherrington,lcherrington7q@nature.com,7279113670,81 Kensington Way,false
280,Maura,Chislett,mchislett7r@alexa.com,5064274363,42532 Montana Street,true
281,Ruggiero,Dacombe,rdacombe7s@alibaba.com,5765094252,6 Linden Parkway,false
282,Doug,Worling,dworling7t@smugmug.com,6231665008,481 Morning Lane,false
283,Kristi,Jasper,kjasper7u@vk.com,4297735209,01371 Roxbury Pass,true
284,Clio,Maile,cmaile7v@guardian.co.uk,1822602654,91 Scoville Drive,true
285,Cinderella,Fockes,cfockes7w@miitbeian.gov.cn,8026138350,425 Elmside Drive,false
286,Berny,Belden,bbelden7x@domainmarket.com,2403946062,62 Crescent Oaks Place,false
287,Marshal,Grinval,mgrinval7y@home.pl,3028902659,87 Carpenter Parkway,true
288,Sande,Cloney,scloney7z@time.com,3691133265,343 Saint Paul Circle,false
289,Scarlet,Samber,ssamber80@techcrunch.com,2489995878,90 Kropf Place,false
290,Martica,Babington,mbabington81@apple.com,7341258696,76316 Briar Crest Drive,false
291,Davide,Dunnett,ddunnett82@mayoclinic.com,6827837685,6419 Rusk Junction,true
292,Matty,Pendrid,mpendrid83@about.com,8308104788,69811 Eggendart Crossing,true
293,Robinett,Hakking,rhakking84@wordpress.org,9691937750,6 Washington Center,false
294,Tades,Lillgard,tlillgard85@reuters.com,1935546043,0841 Randy Way,true
295,Wylma,enzley,wenzley86@google.nl,2154951329,21 Beilfuss Hill,false
296,Alphard,Achromov,aachromov87@jalbum.net,5499252497,1943 East Hill,true
297,Lanna,Bakster,lbakster88@webmd.com,7122518185,803 Everett Alley,false
298,Danny,Cardoo,dcardoo89@cloudflare.com,9544146563,80679 Harbort Lane,true
299,Felecia,Willets,fwillets8a@jimdo.com,4605094050,9137 Washington Avenue,true
300,Ira,Casella,icasella8b@ifeng.com,2989728701,66 Chive Court,true
301,Horace,Methven,hmethven8c@youku.com,6368833914,0612 Gina Plaza,false
302,Genni,Whorlton,gwhorlton8d@creativecommons.org,5126654417,954 Grayhawk Pass,true
303,Shannon,Hurich,shurich8e@vinaora.com,4341238975,95 Portage Alley,false
304,Friedrich,Marzello,fmarzello8f@g.co,7946570382,58187 Colorado Circle,false
305,Katheryn,Tricker,ktricker8g@opera.com,9991828574,0264 Paget Way,false
306,Tonnie,Mays,tmays8h@sciencedaily.com,1364524581,6 Hoffman Center,false
307,Aldwin,Legerwood,alegerwood8i@home.pl,1919243930,6 Columbus Lane,false
308,Cesare,Paule,cpaule8j@berkeley.edu,6207289286,0721 Acker Place,true
309,Christye,Gorini,cgorini8k@patch.com,7409969491,27585 Vidon Road,false
310,Sandro,Larder,slarder8l@mapquest.com,9954101385,614 Russell Park,true
311,Jorie,Belliveau,jbelliveau8m@washington.edu,4893162142,6832 Nova Lane,true
312,Viva,Grew,vgrew8n@freewebs.com,8789461036,19032 Crest Line Lane,false
313,Zarla,Byard,zbyard8o@joomla.org,9864365371,353 Londonderry Way,true
314,Star,Crockett,scrockett8p@furl.net,2203387887,70359 Mcbride Junction,true
315,Derrek,Hemstead,dhemstead8q@adobe.com,9507619312,343 Laurel Terrace,true
316,Orsola,Jewers,ojewers8r@apple.com,3646882176,6053 Kedzie Drive,true
317,Kele,Loddy,kloddy8s@list-manage.com,7898230603,72491 Daystar Parkway,true
318,Peadar,Shevelin,pshevelin8t@mit.edu,1335219204,37067 Maywood Point,false
319,Martie,O' Mahony,momahony8u@discovery.com,8276918341,74615 Packers Road,false
320,Bengt,Sifflett,bsifflett8v@canalblog.com,5046635053,76177 Brickson Park Park,true
321,Ewart,Peirce,epeirce8w@4shared.com,5932277522,31304 Westport Trail,true
322,Shea,Davidowich,sdavidowich8x@t.co,4722970134,53 Jenifer Parkway,true
323,Allyn,Rupp,arupp8y@angelfire.com,3973443154,2 Grim Parkway,false
324,Cherida,Killelea,ckillelea8z@google.com.au,3217511057,88346 Manitowish Terrace,true
325,Camellia,Tresler,ctresler90@g.co,3397160193,37 Corben Junction,true
326,Emiline,Milkeham,emilkeham91@guardian.co.uk,5372382740,2285 Moose Plaza,true
327,Ola,Bartoszek,obartoszek92@linkedin.com,5828062811,747 Waxwing Court,true
328,Tobias,Klosges,tklosges93@shinystat.com,4431833742,27 Westend Street,false
329,Rutter,Cahill,rcahill94@goodreads.com,1778099509,422 Oak Parkway,false
330,Meade,McMurty,mmcmurty95@taobao.com,1432501676,08 Mitchell Avenue,false
331,Aggie,Madgwick,amadgwick96@earthlink.net,5592810109,87558 Garrison Way,true
332,Flor,Hinsche,fhinsche97@51.la,7065682715,6 Golf Course Terrace,false
333,Sydney,Degnen,sdegnen98@ask.com,7979965905,2 Haas Drive,true
334,Ronda,Demelt,rdemelt99@oaic.gov.au,1435074551,00840 Towne Parkway,false
335,Deedee,Giacoppoli,dgiacoppoli9a@nsw.gov.au,3733301287,07028 Monument Hill,false
336,Peg,Deller,pdeller9b@hugedomains.com,1816811277,17434 Sherman Crossing,true
337,Roderic,Wadeling,rwadeling9c@w3.org,2077655892,23 Straubel Way,false
338,Donal,Ferschke,dferschke9d@marriott.com,5267704367,78 Sherman Court,true
339,Vanda,O'Sheilds,vosheilds9e@com.com,9051451079,08681 Linden Terrace,false
340,Osmund,Jonah,ojonah9f@nba.com,8104872348,85 Kipling Alley,true
341,Norris,Sedgemore,nsedgemore9g@chron.com,2428168141,0 Memorial Circle,true
342,Carena,Lambert,clambert9h@cmu.edu,3092562463,83452 Melrose Avenue,true
343,Damara,Giacomucci,dgiacomucci9i@discuz.net,9827845167,930 Fuller Park,false
344,Nicki,Bouette,nbouette9j@webmd.com,8182739978,09 Troy Circle,true
345,Adrian,Leacy,aleacy9k@kickstarter.com,9489131889,86526 Schurz Plaza,false
346,Imogene,Rivitt,irivitt9l@netlog.com,9057956341,7504 Schmedeman Avenue,false
347,Robbin,Dunklee,rdunklee9m@businessinsider.com,7068220073,7 Thackeray Junction,false
348,Jenilee,Bater,jbater9n@cocolog-nifty.com,4667193493,86 Farwell Pass,false
349,Dixie,Ivanyukov,divanyukov9o@pagesperso-orange.fr,6781981806,74 Sachs Terrace,true
350,Giulio,Fulep,gfulep9p@theglobeandmail.com,9431488210,8 Burning Wood Plaza,false
351,Nicola,Seabourne,nseabourne9q@wikispaces.com,5868087628,7 Onsgard Way,false
352,Haze,Maxstead,hmaxstead9r@jimdo.com,1958664730,1522 Laurel Circle,false
353,Adams,Kabisch,akabisch9s@ezinearticles.com,5677823690,56 Prairieview Circle,true
354,Valera,Banfield,vbanfield9t@soup.io,3593888138,29 Oak Road,true
355,Kendell,Sircombe,ksircombe9u@yolasite.com,7543295757,3021 Oriole Circle,true
356,Brianna,McLagan,bmclagan9v@nifty.com,6468888592,781 Spenser Circle,false
357,Devlin,Ivison,divison9w@businessinsider.com,5002765377,7 Northfield Park,true
358,Hubert,Gerssam,hgerssam9x@aol.com,3676680675,07 Schurz Pass,false
359,Scott,Mc Ilwrick,smcilwrick9y@wordpress.org,3481466515,87 Springs Way,true
360,Ramsey,Dorbon,rdorbon9z@umn.edu,7829655767,4260 Fairview Road,true
361,Marris,Bunton,mbuntona0@wiley.com,3306651658,840 Fremont Alley,true
362,Salvador,O' Mullan,somullana1@elegantthemes.com,1592392042,8555 Pennsylvania Parkway,true
363,Adriano,Grim,agrima2@shinystat.com,8329690051,96284 Glendale Hill,true
364,Hillard,Mathew,hmathewa3@imgur.com,4313819585,5 Boyd Court,true
365,Courtenay,Bussel,cbussela4@fastcompany.com,9109307296,56021 Ramsey Terrace,false
366,Orin,Lindenblatt,olindenblatta5@google.it,7658957750,61 Erie Plaza,false
367,Cooper,Drewe,cdrewea6@opensource.org,5419286370,9615 Browning Road,true
368,Avril,Bletsoe,abletsoea7@netlog.com,5397517386,74 Trailsway Parkway,true
369,Ferrel,Menilove,fmenilovea8@slideshare.net,7313044716,2 Evergreen Junction,true
370,Yolande,Ravenshaw,yravenshawa9@cargocollective.com,1496904804,9 Golf Course Hill,true
371,Marc,Rourke,mrourkeaa@newsvine.com,7898386516,956 Golden Leaf Lane,true
372,Delmore,Spataro,dspataroab@sina.com.cn,7081910732,04036 Crowley Parkway,true
373,Marketa,Shiliton,mshilitonac@smugmug.com,9044771923,5 Sugar Pass,true
374,Dietrich,Victoria,dvictoriaad@sohu.com,7085603799,697 Ramsey Trail,true
375,Baxy,Santhouse,bsanthouseae@cdbaby.com,5794900119,52531 Birchwood Point,false
376,Randene,Bunning,rbunningaf@businessweek.com,1252955237,69 Union Way,false
377,Lesley,Kyston,lkystonag@earthlink.net,5368083025,4479 Del Mar Junction,false
378,Gilda,Blind,gblindah@1688.com,6383812689,1 Knutson Way,true
379,Jacintha,Dilley,jdilleyai@virginia.edu,3476120975,95 Barby Court,true
380,Devon,Cocke,dcockeaj@blinklist.com,8516464845,54 Utah Way,true
381,Drew,Shufflebotham,dshufflebothamak@unblog.fr,8505689996,73123 Westport Place,false
382,Adrian,Michal,amichalal@goo.ne.jp,7831941180,8235 Prairie Rose Place,true
383,Alexa,Adicot,aadicotam@dell.com,3394205469,5 Almo Crossing,false
384,Sancho,Guirardin,sguirardinan@sphinn.com,5361315166,7730 Columbus Pass,false
385,Amalia,Del Checolo,adelchecoloao@ebay.com,6194662214,2947 Sundown Way,true
386,Bebe,Glidder,bglidderap@mtv.com,2616355065,8037 Morning Circle,false
387,Kore,Lis,klisaq@tinyurl.com,9304906920,567 Sutherland Hill,false
388,Dwayne,Schoroder,dschoroderar@elpais.com,9484538309,9 Forest Dale Junction,false
389,Danyette,Grevile,dgrevileas@wufoo.com,8956805273,12 Rigney Alley,false
390,Krista,Danby,kdanbyat@boston.com,8663307231,8 West Crossing,false
391,Tally,Lonergan,tlonerganau@amazon.co.uk,9597014476,71715 Jenifer Trail,false
392,Leisha,Tite,ltiteav@mit.edu,7889410947,1008 Esch Drive,false
393,Grayce,Bingley,gbingleyaw@nih.gov,7578882061,97297 Pepper Wood Park,false
394,Celesta,Matyugin,cmatyuginax@xing.com,3141407029,52542 Esker Place,true
395,Carleton,Mowson,cmowsonay@qq.com,3041260225,277 Vahlen Terrace,true
396,Allina,Kynder,akynderaz@go.com,4557677316,7 Armistice Street,false
397,Don,Walworche,dwalworcheb0@quantcast.com,5015008293,22 Ridgeway Junction,false
398,Vincent,Dando,vdandob1@marketwatch.com,2585975629,672 Granby Road,true
399,Ewan,Forbear,eforbearb2@wunderground.com,5427012848,236 Anniversary Point,false
400,Giuseppe,Logsdale,glogsdaleb3@apache.org,9621844388,01 Gerald Crossing,false
401,Eliza,Fairnie,efairnieb4@columbia.edu,8987954437,61 Carioca Drive,true
402,Aura,Jarret,ajarretb5@goo.gl,6515913828,3 Forest Run Trail,true
403,Whittaker,Pittle,wpittleb6@paginegialle.it,5654790947,91750 Hagan Point,false
404,Myrle,Fawks,mfawksb7@businesswire.com,1486168632,036 Vera Court,false
405,Des,Dewbury,ddewburyb8@unblog.fr,7148274856,03 Nevada Avenue,false
406,Corby,Betje,cbetjeb9@miitbeian.gov.cn,9993063767,00 Talisman Plaza,true
407,Avis,Sivell,asivellba@gov.uk,5491681180,13728 Ryan Circle,true
408,Hilliard,Ventom,hventombb@moonfruit.com,7831254490,792 Summit Lane,true
409,Augie,Paprotny,apaprotnybc@domainmarket.com,5989212694,263 Buena Vista Terrace,true
410,Mersey,Gisburn,mgisburnbd@springer.com,2088224556,79329 Spaight Parkway,true
411,Basil,Blazek,bblazekbe@wordpress.org,8471791604,870 Oakridge Lane,false
412,Amargo,Kyffin,akyffinbf@taobao.com,5521225783,4097 Hovde Hill,false
413,Olga,Schwier,oschwierbg@squidoo.com,7343281554,168 Crowley Plaza,false
414,Bride,Askell,baskellbh@arstechnica.com,2976362461,85 South Terrace,false
415,Carie,Rosin,crosinbi@cafepress.com,4432137347,139 Myrtle Avenue,true
416,Gayelord,Sollitt,gsollittbj@foxnews.com,4862905956,3337 Morrow Trail,false
417,Chane,Noye,cnoyebk@hatena.ne.jp,6487375481,85475 Harbort Junction,false
418,Errol,Morison,emorisonbl@flavors.me,6674814196,662 Coolidge Parkway,false
419,Alika,Ratcliff,aratcliffbm@cdbaby.com,6339374316,335 Onsgard Road,true
420,Eustacia,Pickston,epickstonbn@pen.io,3053183812,02 Summerview Drive,false
421,Maris,Alexis,malexisbo@amazon.de,9963147737,1 Beilfuss Lane,false
422,Merry,Swatheridge,mswatheridgebp@hp.com,9429595332,8 Gateway Crossing,false
423,Rockie,Skentelbery,rskentelberybq@google.com.au,9699454425,32038 Lyons Hill,false
424,Leora,Agneau,lagneaubr@mlb.com,2536144897,11699 Spaight Plaza,false
425,Berrie,Buscombe,bbuscombebs@homestead.com,9375979035,4 Sheridan Point,true
426,Tomasine,Gareisr,tgareisrbt@newsvine.com,2059157412,05938 Sauthoff Terrace,true
427,Inness,Livesley,ilivesleybu@angelfire.com,6028585053,623 Pennsylvania Parkway,false
428,Jeana,Danelutti,jdaneluttibv@hibu.com,1288806119,57 Fairview Court,true
429,Milzie,Spridgeon,mspridgeonbw@xrea.com,1369284670,50279 Charing Cross Hill,true
430,Debee,Agglione,dagglionebx@etsy.com,8077457124,6 Steensland Plaza,true
431,Rica,Hadwin,rhadwinby@webeden.co.uk,9679820179,1 Granby Road,true
432,Modestia,O' Driscoll,modriscollbz@chron.com,2066687193,268 Arizona Avenue,true
433,Honey,Haugg,hhauggc0@nationalgeographic.com,4513610359,74 Darwin Park,true
434,Welch,Glowinski,wglowinskic1@biblegateway.com,7884754321,2 American Ash Point,false
435,Kurtis,Younger,kyoungerc2@oakley.com,7588883689,0739 Merry Hill,false
436,Gilberto,Feirn,gfeirnc3@shop-pro.jp,3659025647,56038 Kings Drive,false
437,Tomas,Petrescu,tpetrescuc4@constantcontact.com,8624385584,754 Dawn Drive,true
438,Sheela,Duerdin,sduerdinc5@seattletimes.com,6677683561,29 Michigan Trail,true
439,Camellia,Gowlett,cgowlettc6@godaddy.com,3627098992,14541 Carioca Alley,true
440,Linette,Mussettini,lmussettinic7@army.mil,6684826614,94927 Shoshone Plaza,true
441,Emyle,Nancarrow,enancarrowc8@howstuffworks.com,5233850252,894 Caliangt Alley,false
442,Carling,Caffrey,ccaffreyc9@altervista.org,9109555876,28640 Veith Road,false
443,Rikki,Archell,rarchellca@nih.gov,1931193828,86 Norway Maple Plaza,true
444,Susy,Schanke,sschankecb@privacy.gov.au,3529631284,6891 Sheridan Terrace,false
445,Dorice,O'Calleran,docallerancc@admin.ch,6782839372,8 Clyde Gallagher Crossing,false
446,Gustaf,Mertsching,gmertschingcd@networksolutions.com,4938444099,66 Erie Junction,false
447,Hermine,Dutch,hdutchce@bbc.co.uk,8078144558,3 Elka Road,true
448,Derby,Liddall,dliddallcf@odnoklassniki.ru,8917911829,944 Manley Park,false
449,Dianne,Beton,dbetoncg@flickr.com,1046303101,52152 Straubel Parkway,false
450,Shelley,Moncreif,smoncreifch@addtoany.com,9913597772,901 Waubesa Avenue,true
451,Tabby,Wike,twikeci@cbc.ca,1383660008,9446 Bayside Street,true
452,Norri,Mattheis,nmattheiscj@infoseek.co.jp,9566994261,4 Hayes Street,true
453,Elroy,Mathiassen,emathiassenck@cmu.edu,2219346630,615 Garrison Road,true
454,Tobey,Blas,tblascl@domainmarket.com,6197313619,5 Burning Wood Road,true
455,Dita,Farley,dfarleycm@zimbio.com,3265468296,14 Erie Drive,false
456,Rosemary,Tuckey,rtuckeycn@cdc.gov,5522334934,5 Harbort Place,true
457,Elaine,Dundendale,edundendaleco@csmonitor.com,3089789003,233 Pennsylvania Crossing,false
458,Carlita,Rousell,crousellcp@list-manage.com,9308622682,04736 Southridge Alley,false
459,Minna,Clemo,mclemocq@prweb.com,3625645532,005 Oxford Drive,false
460,Amy,Gardener,agardenercr@harvard.edu,2696069818,59058 Crest Line Parkway,false
461,Althea,Labeuil,alabeuilcs@dot.gov,3536375926,6 Straubel Center,true
462,Clemence,Relf,crelfct@taobao.com,9335615091,4 Doe Crossing Place,false
463,Durand,Maccrae,dmaccraecu@google.com.br,8663852800,1 South Way,false
464,Hedi,Domniney,hdomnineycv@ox.ac.uk,4847449044,2 Bultman Terrace,true
465,Rowen,Georg,rgeorgcw@de.vu,2538780243,0964 Blackbird Pass,true
466,Charmane,Islep,cislepcx@vistaprint.com,5449777399,428 Grover Point,false
467,Celene,Scarsbrooke,cscarsbrookecy@github.io,8172224870,541 Rieder Point,true
468,Leonid,Gianotti,lgianotticz@elpais.com,7118151865,959 Anthes Street,true
469,Kathleen,Cuttings,kcuttingsd0@mail.ru,7762593931,308 Badeau Street,false
470,Salomo,Norcross,snorcrossd1@mtv.com,2977417044,796 Ilene Crossing,false
471,Freeland,Allett,fallettd2@npr.org,4806751380,26271 Fulton Hill,true
472,Ernestine,Stapleford,estaplefordd3@surveymonkey.com,9378222413,91 South Plaza,true
473,Franzen,Buyers,fbuyersd4@senate.gov,6482047797,9 Stang Lane,false
474,Wiatt,Jahndel,wjahndeld5@google.com.br,2582176246,85449 Mariners Cove Road,true
475,Dunn,Hammett,dhammettd6@phpbb.com,1598622334,93071 Express Place,false
476,Jsandye,Saulter,jsaulterd7@theatlantic.com,1269707019,48 Sycamore Road,false
477,Ranna,Salack,rsalackd8@patch.com,7752030184,468 Merry Alley,true
478,Glennie,Dearsley,gdearsleyd9@newsvine.com,5119934714,89637 Summer Ridge Court,true
479,Ruttger,Guierre,rguierreda@ovh.net,7258544357,6366 International Pass,false
480,Latia,Caurah,lcaurahdb@histats.com,8449215302,141 Merry Lane,true
481,Tallie,Lawtey,tlawteydc@go.com,8867085538,8 Mitchell Court,true
482,Sean,Ramard,sramarddd@sina.com.cn,3298943086,7140 Cottonwood Trail,true
483,Cedric,Covert,ccovertde@naver.com,8686076622,6168 8th Avenue,false
484,Brandy,Anscombe,banscombedf@wikispaces.com,3297593369,039 North Trail,false
485,Tommie,De Freitas,tdefreitasdg@dyndns.org,8063174684,602 Sugar Hill,true
486,Cassey,Keymer,ckeymerdh@wp.com,8514357829,377 Nevada Court,false
487,Tuesday,Tandy,ttandydi@seesaa.net,8939186853,389 Lakewood Center,false
488,Kiri,Reston,krestondj@nhs.uk,7378162679,3 Montana Drive,true
489,Ainsley,Akitt,aakittdk@1688.com,6251630259,5419 Stone Corner Street,false
490,Lolly,Geck,lgeckdl@nytimes.com,5712367986,11 Becker Drive,false
491,Eli,Bottelstone,ebottelstonedm@discuz.net,9375809494,5851 Jay Terrace,true
492,Christie,Kingsbury,ckingsburydn@123-reg.co.uk,9637976935,6 Esker Road,true
493,Eloisa,Proger,eprogerdo@gmpg.org,9849853527,5 Farragut Parkway,true
494,Harriet,Cash,hcashdp@whitehouse.gov,2946989028,16441 Mifflin Way,false
495,Adelina,Geere,ageeredq@qq.com,5479834537,7 Bluejay Pass,true
496,Vin,Look,vlookdr@google.co.jp,8632133383,5 Packers Circle,false
497,Maure,Wagge,mwaggeds@quantcast.com,8133174757,034 Pleasure Lane,false
498,Marie-jeanne,Hindenburg,mhindenburgdt@wired.com,1126030296,5818 Kedzie Park,true
499,Ophelia,Trimme,otrimmedu@earthlink.net,8843389784,2 Westport Terrace,false
500,Nappy,Lubomirski,nlubomirskidv@macromedia.com,9204484982,28 Arizona Alley,false
501,Gay,Hedditeh,ghedditehdw@house.gov,8046980815,8116 Shasta Avenue,false
502,Julienne,St Ledger,jstledgerdx@freewebs.com,9563228560,7 Weeping Birch Terrace,true
503,Nilson,Pook,npookdy@zdnet.com,9359840621,2108 Carey Avenue,true
504,Larisa,Tasker,ltaskerdz@tuttocitta.it,6607785483,48741 Sunbrook Parkway,true
505,Amitie,Quittonden,aquittondene0@bizjournals.com,3293017922,53949 Vahlen Park,true
506,Silvana,O'Duggan,soduggane1@mail.ru,7223308528,04 Bay Terrace,true
507,Algernon,Duthie,aduthiee2@weather.com,3151473667,71 Reindahl Crossing,true
508,Agna,Lennox,alennoxe3@issuu.com,9619593553,96 Parkside Road,false
509,Bo,Deverall,bdeveralle4@sakura.ne.jp,4059578250,06248 Knutson Drive,false
510,Vincenz,Batalle,vbatallee5@marriott.com,2924711356,4 Pennsylvania Junction,false
511,Alta,O'Luby,aolubye6@printfriendly.com,6283027918,7 Meadow Vale Hill,false
512,Doralynn,Heffy,dheffye7@xinhuanet.com,9689697541,06838 Iowa Place,true
513,Giselle,Sellor,gsellore8@mysql.com,5832909209,832 Laurel Plaza,false
514,Gustav,Dwelley,gdwelleye9@amazon.co.uk,5066542304,62 Lyons Point,true
515,Ree,Roddell,rroddellea@symantec.com,9262174876,86300 Duke Place,false
516,Herman,Andreolli,handreollieb@arizona.edu,7877214973,0913 Riverside Parkway,true
517,Amalee,Rylatt,arylattec@ucsd.edu,3784524865,448 Nevada Plaza,true
518,Berenice,Fullagar,bfullagared@cyberchimps.com,9297274987,2 Dottie Plaza,true
519,Chrysa,Neward,cnewardee@parallels.com,1196740036,11764 Clyde Gallagher Junction,false
520,Katy,Wynett,kwynettef@ifeng.com,7729519230,560 Homewood Place,true
521,Rivi,Broader,rbroadereg@51.la,9881439596,3 Dwight Plaza,true
522,Erika,Varley,evarleyeh@desdev.cn,9114799865,7707 Menomonie Court,true
523,Edith,Brummell,ebrummellei@canalblog.com,4892534897,518 Brentwood Park,true
524,Brendin,Tuddall,btuddallej@reference.com,6751186987,087 Monterey Pass,false
525,Ulrike,Seekings,useekingsek@slate.com,7296748894,80083 Ronald Regan Alley,true
526,Gusella,Bartod,gbartodel@geocities.jp,2309045985,9973 Algoma Place,false
527,Christi,Jerschke,cjerschkeem@wix.com,6312547380,39 Kenwood Drive,false
528,Rollo,McGuinley,rmcguinleyen@weather.com,3506166457,5236 Delaware Center,false
529,Dwayne,Gerrey,dgerreyeo@smh.com.au,5002219937,1 Mariners Cove Trail,false
530,Daniela,Mulles,dmullesep@jiathis.com,7125585151,40 Grover Plaza,false
531,Nanette,Swaddle,nswaddleeq@studiopress.com,6135759874,1441 Longview Place,false
532,Karla,Keir,kkeirer@ed.gov,2703318467,45968 Elmside Terrace,true
533,Wolfy,Avramovsky,wavramovskyes@ebay.co.uk,1908402923,21 Meadow Valley Street,true
534,Remy,Cristofvao,rcristofvaoet@unicef.org,9473909383,42 Eggendart Trail,true
535,Merralee,Haysom,mhaysomeu@oakley.com,6106351433,74 Nevada Park,true
536,Angelika,Benion,abenionev@upenn.edu,7453086736,2 Mandrake Center,false
537,Glenden,Alston,galstonew@walmart.com,5032512341,52 Homewood Parkway,true
538,Dorey,Roels,droelsex@jugem.jp,8847589328,35 Kingsford Terrace,false
539,Arlinda,Delwater,adelwaterey@princeton.edu,1624158445,27 Harper Junction,true
540,Lanny,Patnelli,lpatnelliez@seesaa.net,7939578327,4 Bluejay Point,false
541,Joell,Torri,jtorrif0@webmd.com,4892688180,4338 Charing Cross Way,true
542,Toinette,McLagan,tmclaganf1@berkeley.edu,1324541684,13 Schurz Center,false
543,Cristi,Gravie,cgravief2@intel.com,4607614362,06 Menomonie Crossing,false
544,Andie,Rainbird,arainbirdf3@mapy.cz,7957809153,5 New Castle Plaza,true
545,Ive,Brunsden,ibrunsdenf4@ycombinator.com,3431441076,22 Becker Road,true
546,Erhart,Klees,ekleesf5@wisc.edu,4649133953,0619 Bultman Avenue,false
547,Kennie,Leaburn,kleaburnf6@thetimes.co.uk,6937588576,2563 Crownhardt Park,false
548,Boone,Brigden,bbrigdenf7@usa.gov,3436861128,42 Susan Pass,false
549,Pieter,Edel,pedelf8@macromedia.com,3465740402,36447 Emmet Street,true
550,Broderick,Farington,bfaringtonf9@sakura.ne.jp,5014946698,8539 Sunbrook Center,true
551,Corty,Beagley,cbeagleyfa@amazonaws.com,2566597857,7 Westridge Junction,false
552,Mersey,Broek,mbroekfb@360.cn,5033239448,72912 Karstens Hill,false
553,Nikki,Bener,nbenerfc@furl.net,4561999378,8226 Burrows Drive,false
554,Sayers,Jacquemot,sjacquemotfd@weebly.com,5056552763,509 Roth Parkway,false
555,Loise,Croxall,lcroxallfe@storify.com,3693488943,3178 Kings Place,true
556,Mallory,Fleay,mfleayff@army.mil,3854348341,6582 Everett Place,true
557,Valaria,Chimenti,vchimentifg@hugedomains.com,5637884110,0 Brentwood Parkway,false
558,Gawen,Donan,gdonanfh@latimes.com,4966466805,20682 Carberry Street,true
559,Glennie,Chaise,gchaisefi@dedecms.com,5144570478,37341 Sunfield Trail,true
560,Nil,Whitehall,nwhitehallfj@yale.edu,2427951467,71923 Longview Junction,true
561,Francois,Embery,femberyfk@joomla.org,8605717730,38 Di Loreto Parkway,true
562,Jeni,Kesteven,jkestevenfl@skyrock.com,8616831922,5 Pankratz Pass,false
563,Cecily,Harwell,charwellfm@moonfruit.com,2179003857,1086 Sycamore Center,true
564,Andrus,Jencken,ajenckenfn@imdb.com,4641522968,9 Farmco Pass,true
565,Kennedy,Glanvill,kglanvillfo@hostgator.com,5849722157,83 Transport Road,true
566,Engracia,Desborough,edesboroughfp@paginegialle.it,3952098155,3348 Dapin Point,true
567,Inigo,Moules,imoulesfq@yelp.com,7943321830,99153 Welch Pass,true
568,Debbie,Georger,dgeorgerfr@answers.com,8778157584,092 Lawn Trail,false
569,Pennie,Braybrookes,pbraybrookesfs@slate.com,6992164269,40347 Dwight Place,true
570,Gabriellia,Skeermor,gskeermorft@prlog.org,9977780308,6353 Di Loreto Terrace,false
571,Giffer,Anthill,ganthillfu@reddit.com,2078757970,34827 Golf View Plaza,false
572,Trudie,Standbridge,tstandbridgefv@vistaprint.com,6001353433,8630 Dwight Point,false
573,Fred,Gregoratti,fgregorattifw@comcast.net,4265962997,3 Mcguire Plaza,false
574,Kristofor,Hancorn,khancornfx@netvibes.com,8374048020,8646 Manufacturers Drive,true
575,Chev,Fishpoole,cfishpoolefy@shinystat.com,4874072586,17258 Butterfield Pass,true
576,Barn,Jankiewicz,bjankiewiczfz@topsy.com,7899246382,6 Sundown Hill,true
577,Dud,Dahill,ddahillg0@google.fr,7268068643,7 Bunting Point,true
578,Rebeka,Dullard,rdullardg1@squarespace.com,4254384500,99 Oneill Junction,true
579,Maybelle,Spall,mspallg2@nba.com,2129556682,88 Coolidge Hill,true
580,Marie-jeanne,Favela,mfavelag3@newyorker.com,6546959105,8 Muir Alley,false
581,Barry,Brevetor,bbrevetorg4@t-online.de,5578314299,34 Valley Edge Trail,true
582,Alleyn,Hidderley,ahidderleyg5@technorati.com,1083477969,406 Riverside Lane,false
583,Dede,Rhodef,drhodefg6@mapquest.com,1465533857,5 Warbler Crossing,true
584,Amargo,Pierpoint,apierpointg7@ca.gov,4209364688,451 Sauthoff Court,false
585,Pooh,Kettow,pkettowg8@businessinsider.com,2383551601,5 Kenwood Street,false
586,Reuven,Layhe,rlayheg9@harvard.edu,9001563279,7 Delaware Plaza,false
587,Burl,Morpeth,bmorpethga@nasa.gov,1981411165,1721 Ramsey Pass,true
588,Netty,Delle,ndellegb@reuters.com,7809414003,687 Oriole Center,true
589,Dorothee,Ullett,dullettgc@biglobe.ne.jp,7806066277,93 Namekagon Trail,false
590,Chevy,Novakovic,cnovakovicgd@virginia.edu,1353096264,4 Mifflin Hill,false
591,Konstanze,Wishkar,kwishkarge@tamu.edu,5106767852,91 Dayton Way,true
592,Joanie,Guppy,jguppygf@google.de,7723435109,31 Wayridge Plaza,true
593,Floria,Drewery,fdrewerygg@wisc.edu,3553297817,09 Clarendon Circle,true
594,Silvana,McCawley,smccawleygh@cocolog-nifty.com,9976522349,537 Petterle Park,true
595,Mayor,Arndt,marndtgi@miitbeian.gov.cn,5435460865,965 Raven Street,true
596,Benedikt,Saltmarshe,bsaltmarshegj@google.ca,6605790142,307 Victoria Point,false
597,Eleanore,Bushby,ebushbygk@cisco.com,1376942730,41760 Victoria Trail,false
598,Cherri,Grabban,cgrabbangl@free.fr,9204856168,885 Michigan Circle,true
599,Katrinka,Goldfinch,kgoldfinchgm@cnet.com,9151846863,6749 Dovetail Pass,true
600,Lotte,Fairweather,lfairweathergn@unc.edu,7734714368,7198 Kipling Pass,false
601,Englebert,Jouhning,ejouhninggo@exblog.jp,1377938012,62 Bobwhite Court,true
602,Ignaz,McMyler,imcmylergp@harvard.edu,5813315583,4726 Kensington Terrace,false
603,Lorettalorna,MacAulay,lmacaulaygq@fema.gov,8611246782,89397 Sullivan Road,false
604,Kele,Batiste,kbatistegr@constantcontact.com,3166754104,9 Aberg Court,true
605,Addie,Flye,aflyegs@nba.com,9929797740,609 Warbler Parkway,true
606,Blanche,Bradburne,bbradburnegt@reverbnation.com,4016236316,4759 Alpine Hill,true
607,Lexis,Kenzie,lkenziegu@furl.net,2072509166,810 Pepper Wood Plaza,true
608,Hunt,Bohea,hboheagv@paypal.com,4782081337,2 Dunning Road,false
609,Maryellen,Chapple,mchapplegw@ning.com,2141834359,16 Nobel Junction,false
610,Roselia,Mewton,rmewtongx@webmd.com,3129780869,654 Duke Street,false
611,Sharyl,Stanbury,sstanburygy@ning.com,5915333500,10 Crest Line Way,true
612,Howie,Virgoe,hvirgoegz@cafepress.com,5833366221,7 Donald Road,false
613,Ase,Ridler,aridlerh0@fda.gov,5575328678,19928 Stephen Parkway,false
614,Andriette,Fawdery,afawderyh1@ameblo.jp,7655688619,34 Southridge Avenue,false
615,Karisa,Fernant,kfernanth2@diigo.com,6001153211,96 Kinsman Way,true
616,Karlee,Ledstone,kledstoneh3@elpais.com,9834154790,116 Dakota Circle,false
617,Linzy,Peter,lpeterh4@biblegateway.com,2156051904,5 Pawling Park,true
618,Anallese,Van den Broek,avandenbroekh5@wikia.com,7958015099,70 Truax Court,true
619,Radcliffe,Henri,rhenrih6@opensource.org,8951280472,181 Old Shore Drive,true
620,Mahalia,Killwick,mkillwickh7@feedburner.com,7056647940,34 Roxbury Pass,false
621,Arte,Clothier,aclothierh8@geocities.jp,5911325366,431 Westport Center,true
622,Nomi,McSwan,nmcswanh9@123-reg.co.uk,6721707297,0226 Tony Plaza,true
623,Easter,Niccolls,eniccollsha@moonfruit.com,2165284588,928 Hansons Way,true
624,Hollis,Gonnin,hgonninhb@yale.edu,3041313082,658 Marcy Parkway,true
625,Moshe,Oxbrough,moxbroughhc@tinypic.com,8434857898,1 Merchant Trail,false
626,Antoine,Batkin,abatkinhd@freewebs.com,1062937451,27272 Anzinger Alley,false
627,Kendal,Dommett,kdommetthe@rakuten.co.jp,2974313248,29604 Graedel Park,false
628,Armand,Apthorpe,aapthorpehf@homestead.com,4111408768,5166 Carberry Way,true
629,Terrence,Ingre,tingrehg@ibm.com,8734445844,4 Bartillon Crossing,true
630,Edwin,Buggs,ebuggshh@state.gov,8945732579,928 Express Drive,true
631,Hal,Glasner,hglasnerhi@1und1.de,9091730018,35 Lotheville Terrace,true
632,Yoshiko,Pavel,ypavelhj@google.com.au,6655087552,403 Everett Parkway,false
633,Derril,Yurkevich,dyurkevichhk@springer.com,9904411602,84 Spenser Avenue,false
634,Sherry,Tudhope,studhopehl@infoseek.co.jp,9912665344,12 Summit Circle,false
635,Leslie,Bellison,lbellisonhm@ameblo.jp,2071753571,99 Kipling Center,false
636,Cati,Chadburn,cchadburnhn@a8.net,6386294329,68 Division Avenue,false
637,Louie,Easseby,leassebyho@jugem.jp,4637448964,534 Carey Alley,true
638,Gus,Beacham,gbeachamhp@accuweather.com,3656751730,93 Reindahl Lane,false
639,Atalanta,Newhouse,anewhousehq@scribd.com,2873393772,1699 3rd Drive,true
640,Petunia,Paolotto,ppaolottohr@auda.org.au,5692338795,8997 Cherokee Center,true
641,Cazzie,Nerne,cnernehs@salon.com,7486240546,55182 Artisan Place,true
642,Malynda,Haswall,mhaswallht@bluehost.com,1549106300,1942 Hintze Avenue,true
643,Maurise,Mellody,mmellodyhu@dmoz.org,8706734677,4 Fremont Road,false
644,Kennith,Staff,kstaffhv@wunderground.com,9129347922,02504 Cordelia Alley,false
645,Edgard,Burnip,eburniphw@aboutads.info,7804028056,27416 Farwell Street,true
646,Tiffany,Glazzard,tglazzardhx@1und1.de,9319374739,9 Fremont Lane,true
647,Xerxes,Tinman,xtinmanhy@google.es,8291217355,2 Goodland Junction,true
648,Munmro,Borel,mborelhz@slashdot.org,6585915646,10639 Rowland Plaza,false
649,Eloisa,Bessom,ebessomi0@flickr.com,1695943558,47 Weeping Birch Street,false
650,Hugo,Harbisher,hharbisheri1@artisteer.com,9832709499,8 Erie Circle,false
651,Darci,Chance,dchancei2@vimeo.com,3094652110,1851 Norway Maple Court,false
652,Yehudi,Rubinsohn,yrubinsohni3@indiatimes.com,4097500342,99173 Graedel Park,true
653,Dag,Keough,dkeoughi4@mac.com,9297061915,63299 Crowley Road,true
654,Rosalyn,Featherstonhaugh,rfeatherstonhaughi5@springer.com,5838464539,181 Springs Junction,true
655,Gil,Henningham,ghenninghami6@altervista.org,7202572158,08853 Lukken Street,false
656,Therine,Habbes,thabbesi7@independent.co.uk,9242009452,1 Coleman Place,true
657,Kendre,Duval,kduvali8@cargocollective.com,1739174289,1 Crest Line Junction,false
658,Olivier,Ivell,oivelli9@nature.com,4642187139,4995 Melrose Park,false
659,Gian,Gubbins,ggubbinsia@examiner.com,8494312714,3 Green Ridge Park,true
660,Sisely,Edsall,sedsallib@gravatar.com,7602800404,6 Autumn Leaf Circle,true
661,Lilah,Radclyffe,lradclyffeic@ustream.tv,2157312271,04413 Brickson Park Junction,true
662,Marcella,Saunper,msaunperid@umich.edu,2506152685,57 Burrows Hill,true
663,Tess,Scyner,tscynerie@rambler.ru,4152389566,507 Parkside Way,true
664,Ruthe,Clowsley,rclowsleyif@ed.gov,1832967507,9 Fuller Junction,true
665,Lane,Bridgman,lbridgmanig@latimes.com,5536943019,3927 Redwing Alley,false
666,Barnard,Springtorpe,bspringtorpeih@artisteer.com,4701740434,08635 1st Place,true
667,Krysta,Manske,kmanskeii@uol.com.br,4836274257,45 Cambridge Center,true
668,Pietrek,Reinhardt,preinhardtij@slashdot.org,7926084845,36 Mallard Park,true
669,Larine,Giacobelli,lgiacobelliik@bravesites.com,9689760456,9 Porter Court,false
670,Parnell,Penley,ppenleyil@pbs.org,8501703873,0 Hudson Drive,false
671,Vivian,Kezar,vkezarim@bandcamp.com,5383703260,8 Paget Way,true
672,Jephthah,Astlatt,jastlattin@engadget.com,2815342274,8 High Crossing Circle,true
673,Lianna,Jay,ljayio@ycombinator.com,4607201933,2372 Crescent Oaks Pass,true
674,Leigh,Leuty,lleutyip@artisteer.com,6108404114,09 Westport Lane,true
675,Janeen,Pagram,jpagramiq@topsy.com,2904994728,0635 Northridge Alley,true
676,Darsie,Aguirrezabal,daguirrezabalir@friendfeed.com,5825111147,70 Eagan Plaza,true
677,Tabb,Reggler,treggleris@so-net.ne.jp,9695688163,4675 Steensland Street,false
678,Angelika,Glennie,aglennieit@gravatar.com,4521711846,437 Chinook Parkway,false
679,Cordey,Plant,cplantiu@purevolume.com,7602051034,6 Meadow Ridge Junction,false
680,Steffi,Abraham,sabrahamiv@free.fr,1238239670,72 Helena Terrace,true
681,Bessie,Ferneley,bferneleyiw@barnesandnoble.com,9626303116,33091 Hermina Drive,false
682,Stinky,Lawden,slawdenix@reddit.com,8962814431,1828 Thackeray Alley,true
683,Waverly,Planque,wplanqueiy@webmd.com,9096609681,7 Nova Alley,false
684,Priscella,Tinto,ptintoiz@cpanel.net,8163919724,7749 Bayside Park,false
685,Thornie,Serginson,tserginsonj0@usa.gov,5715947631,3636 Bunting Hill,true
686,Chevy,Nurny,cnurnyj1@illinois.edu,4024501265,430 Wayridge Way,false
687,Laurence,Gherarducci,lgherarduccij2@seesaa.net,5598599068,38223 Sheridan Point,true
688,Avrom,Stobbie,astobbiej3@drupal.org,4132998989,8835 Kingsford Hill,false
689,Quintilla,Flowitt,qflowittj4@state.tx.us,8857822358,260 Leroy Road,false
690,Barris,Sargerson,bsargersonj5@oracle.com,9074723591,27 Forest Circle,false
691,Janka,Heyward,jheywardj6@cdc.gov,7026931691,51095 Sherman Parkway,false
692,Miltie,Manuel,mmanuelj7@elegantthemes.com,2148165556,7684 Nancy Court,true
693,Leo,Pymm,lpymmj8@economist.com,8733477326,41 Sugar Avenue,false
694,Silvie,Matczak,smatczakj9@about.com,8047788726,81280 South Drive,false
695,Erroll,Ginnally,eginnallyja@google.fr,5133922476,128 Buell Avenue,false
696,Rene,Stayt,rstaytjb@youtube.com,8745678067,24 Anderson Park,true
697,Allard,Dedenham,adedenhamjc@imgur.com,3862624540,1 Northport Junction,false
698,Sadella,Riccione,sriccionejd@seattletimes.com,2625607042,8674 Pepper Wood Crossing,false
699,Timmi,Yaakov,tyaakovje@multiply.com,2777293943,905 Nova Junction,true
700,Marice,Youngs,myoungsjf@intel.com,8156335117,6 Kensington Drive,false
701,Emmalee,Monro,emonrojg@vkontakte.ru,3563392489,59 Jackson Crossing,true
702,Gaultiero,Lutman,glutmanjh@omniture.com,1295992911,2274 Hovde Road,false
703,Merrill,Jellett,mjellettji@dion.ne.jp,3608641916,83 Bowman Alley,false
704,Gris,Mussared,gmussaredjj@bigcartel.com,5354245625,8342 Kropf Point,false
705,Abbye,Billyard,abillyardjk@nps.gov,1836637855,52752 Colorado Park,true
706,Ravi,Carpe,rcarpejl@disqus.com,9802840989,6 Killdeer Terrace,false
707,Ad,Dackombe,adackombejm@sohu.com,7134352165,72704 Bunker Hill Court,true
708,Hubert,Blackster,hblacksterjn@seattletimes.com,2961330814,07025 Northview Terrace,true
709,Claude,Jolly,cjollyjo@time.com,4698644380,1978 Hoepker Road,true
710,Holly,Fivey,hfiveyjp@digg.com,9798507246,3600 Everett Way,false
711,Elfie,Brickhill,ebrickhilljq@booking.com,5494322626,59896 La Follette Trail,true
712,Ursola,Tschierse,utschiersejr@oaic.gov.au,1953260272,747 Jackson Avenue,false
713,Odetta,Fender,ofenderjs@pcworld.com,3034192511,8659 Waubesa Center,false
714,Terrance,Spinella,tspinellajt@t-online.de,4428346796,219 Northridge Point,true
715,Yehudit,Machen,ymachenju@cmu.edu,9574273173,8 Golf Course Way,true
716,Vinson,Hinkensen,vhinkensenjv@feedburner.com,5647410252,592 Chinook Circle,false
717,Megan,Vowell,mvowelljw@networksolutions.com,1315139697,05176 Vidon Plaza,true
718,Kandy,Dunrige,kdunrigejx@myspace.com,7624653006,6 Farwell Trail,true
719,Grazia,Boice,gboicejy@purevolume.com,1127771201,33 Cambridge Circle,false
720,Liliane,Clohisey,lclohiseyjz@sakura.ne.jp,8401169900,9634 Red Cloud Terrace,true
721,Angel,Toquet,atoquetk0@cbsnews.com,2194713870,239 Kennedy Circle,false
722,Sampson,Letty,slettyk1@t-online.de,2035594704,3 Derek Avenue,true
723,Viviana,Reames,vreamesk2@ovh.net,6923467040,81 Meadow Ridge Plaza,false
724,Mel,Eckart,meckartk3@liveinternet.ru,4259653144,31 Beilfuss Pass,true
725,Nataniel,Giggie,ngiggiek4@hp.com,9671195329,13 New Castle Point,false
726,Sky,Carvil,scarvilk5@studiopress.com,7722077597,4328 Ryan Parkway,true
727,Kale,Medlicott,kmedlicottk6@pinterest.com,1232222962,88214 Lawn Circle,false
728,Jens,Brugman,jbrugmank7@unicef.org,2773613493,53 American Ash Street,true
729,Eachelle,Liveley,eliveleyk8@time.com,2112617435,66 Florence Park,false
730,Jeremie,Riepl,jrieplk9@vkontakte.ru,4986080296,33861 Thackeray Road,true
731,Karleen,Ilive,kiliveka@sun.com,5484020134,22 Haas Center,false
732,Marysa,Scogin,mscoginkb@wikipedia.org,3001073618,59 Hoffman Lane,true
733,Kermie,Garlant,kgarlantkc@boston.com,2829070051,33808 Morningstar Park,false
734,Lindon,Falls,lfallskd@last.fm,5647380597,9882 Lawn Center,true
735,Elladine,Blueman,ebluemanke@bloomberg.com,8899073167,5166 Gale Way,true
736,Tulley,Bohea,tboheakf@nymag.com,2744169318,099 Oak Road,true
737,Antonin,Alanbrooke,aalanbrookekg@qq.com,7502434766,2 Mesta Hill,false
738,Irma,Dawdary,idawdarykh@abc.net.au,3925839056,24 Northridge Parkway,false
739,Delcina,Darnbrook,ddarnbrookki@noaa.gov,4208052510,7 Morning Trail,false
740,Franz,Crut,fcrutkj@cpanel.net,3867479774,54 Mandrake Way,true
741,Felipe,Balas,fbalaskk@privacy.gov.au,4389765133,3091 Garrison Park,false
742,Feliza,Sliman,fslimankl@ustream.tv,8855221434,7004 Duke Court,false
743,Bunni,Bartleet,bbartleetkm@stanford.edu,8384939506,14533 Hayes Street,false
744,Aurore,Chapier,achapierkn@constantcontact.com,5721001525,04608 Killdeer Parkway,true
745,Haley,Segrave,hsegraveko@globo.com,2064751841,72436 Pankratz Court,false
746,Clyde,Shanks,cshankskp@ed.gov,2023741942,4238 Northport Drive,true
747,Ashla,De Bernardi,adebernardikq@dedecms.com,5451425346,35454 Daystar Crossing,true
748,Candida,Holywell,cholywellkr@yahoo.com,3953777173,29 Esch Place,false
749,Cherie,Camoletto,ccamolettoks@a8.net,3975345792,4 Esker Plaza,false
750,Cash,Kimberly,ckimberlykt@mapy.cz,1041584597,961 Lukken Lane,false
751,Wade,Crollman,wcrollmanku@google.com.hk,9012207251,9 Hovde Avenue,true
752,Kym,Faudrie,kfaudriekv@chron.com,1639556641,4 Fairview Drive,true
753,Roddie,Daglish,rdaglishkw@arizona.edu,8809868792,7 Jackson Plaza,false
754,Emilie,Giacometti,egiacomettikx@soup.io,1951886720,76099 Sage Crossing,false
755,Myrtice,Cartin,mcartinky@nymag.com,2197796618,1 Maryland Point,false
756,Bella,Broggini,bbrogginikz@buzzfeed.com,9836401234,19265 Grayhawk Trail,true
757,Jaquelyn,Clougher,jclougherl0@ifeng.com,3627815193,59113 Blue Bill Park Parkway,false
758,Erminie,Shillito,eshillitol1@independent.co.uk,2578623428,85192 Vermont Junction,true
759,Bernardine,Casemore,bcasemorel2@europa.eu,2249398299,055 Killdeer Place,true
760,Cleo,Leader,cleaderl3@csmonitor.com,2892742688,78 Loomis Street,false
761,Aeriela,Pessold,apessoldl4@columbia.edu,4142920605,796 Sheridan Pass,true
762,Jenda,Stowers,jstowersl5@oaic.gov.au,8015868454,05 Mitchell Avenue,true
763,Marlo,Winspear,mwinspearl6@i2i.jp,9948247257,2449 Sunfield Crossing,true
764,Fraze,Stalman,fstalmanl7@spiegel.de,7858510080,0 Dennis Hill,false
765,Joscelin,Farfull,jfarfulll8@wikia.com,9218148352,1 Darwin Way,false
766,Agnes,Reck,areckl9@last.fm,2355805869,6 Menomonie Park,false
767,Aryn,Fairbeard,afairbeardla@cloudflare.com,6248547342,57 Lakewood Gardens Pass,true
768,Beauregard,Ireland,birelandlb@tinyurl.com,7664590341,04790 Mesta Avenue,true
769,Amos,Gooderson,agoodersonlc@bbb.org,1584029115,577 Dottie Circle,false
770,Wilhelm,Jaycock,wjaycockld@ucla.edu,8504626969,928 American Trail,true
771,Donovan,Royle,droylele@geocities.com,4573079075,48442 Spenser Alley,true
772,Tallou,Palethorpe,tpalethorpelf@slideshare.net,8405929729,9604 School Pass,false
773,Elaine,Puleston,epulestonlg@bigcartel.com,8316175313,115 Londonderry Circle,true
774,Winnie,Luquet,wluquetlh@marketwatch.com,5545420670,38 Cherokee Lane,true
775,Wanids,Winsley,wwinsleyli@deliciousdays.com,9129662095,2541 Sunfield Street,true
776,Cart,Kayley,ckayleylj@printfriendly.com,7045213820,69079 Northview Drive,false
777,Griz,Broker,gbrokerlk@plala.or.jp,8507437860,78366 Bunting Crossing,false
778,Dorena,Doddemeede,ddoddemeedell@berkeley.edu,4394609099,1806 Holy Cross Place,true
779,Rachelle,Beevis,rbeevislm@smh.com.au,5057795661,944 Spenser Road,false
780,Corty,Rodenburg,crodenburgln@tumblr.com,3191783772,123 Donald Avenue,false
781,Neils,Merricks,nmerrickslo@over-blog.com,4225590880,8 Monterey Pass,false
782,Sal,Evitts,sevittslp@upenn.edu,4728546889,1 Scoville Street,false
783,Shay,Janodet,sjanodetlq@hugedomains.com,8391258891,4 Vidon Court,true
784,Verina,Mullaly,vmullalylr@dmoz.org,8294830253,566 Rigney Hill,true
785,Muriel,Fancy,mfancyls@netlog.com,3735298076,408 Hoepker Pass,true
786,Hayward,Brooke,hbrookelt@cyberchimps.com,2897931218,5 Superior Place,true
787,Fairfax,Woollam,fwoollamlu@irs.gov,8537638183,84844 Washington Circle,true
788,Delia,Dymock,ddymocklv@google.com.hk,6019819894,016 Anthes Street,false
789,Aliza,Halvorsen,ahalvorsenlw@china.com.cn,6969149382,8 Butternut Parkway,false
790,Auberon,Kelle,akellelx@gizmodo.com,8198378290,521 Lerdahl Road,true
791,Masha,Belsham,mbelshamly@blinklist.com,2366175862,978 Morrow Park,false
792,Marco,Burberow,mburberowlz@about.me,3265611114,5045 Moulton Street,true
793,Manny,Hartle,mhartlem0@godaddy.com,5668556012,027 Reinke Terrace,false
794,Martyn,Collopy,mcollopym1@wordpress.org,1826584710,0893 Warbler Terrace,false
795,Tybie,McGeachie,tmcgeachiem2@google.it,8238517908,23947 Cordelia Junction,false
796,Regine,Ranby,rranbym3@ucsd.edu,7619741645,212 Anniversary Road,true
797,Conrado,Jellybrand,cjellybrandm4@dedecms.com,3312921007,31423 Parkside Junction,false
798,Jesus,Dykas,jdykasm5@people.com.cn,5454143237,3 Veith Pass,true
799,Wenona,Duckels,wduckelsm6@google.com.br,3354960095,050 Corben Way,false
800,Juline,Wasselin,jwasselinm7@berkeley.edu,9275623107,838 Glendale Lane,false
801,Doralia,Dechelette,ddechelettem8@mlb.com,2228411656,964 David Street,false
802,Benito,Hutchcraft,bhutchcraftm9@4shared.com,4711420166,6368 Golf Court,false
803,Letty,Boone,lboonema@bbb.org,1348381269,52985 Washington Circle,true
804,Mellisent,Rizon,mrizonmb@tuttocitta.it,3199596052,25299 Westridge Junction,false
805,Theresa,Garioch,tgariochmc@msu.edu,9784721150,2 Vidon Terrace,true
806,Fields,Mitskevich,fmitskevichmd@gov.uk,7665487610,5 Roth Crossing,false
807,Alexandre,Paiton,apaitonme@apache.org,4395338740,0748 Amoth Road,false
808,Leonore,Silvester,lsilvestermf@wix.com,5168325861,04 Sunfield Park,false
809,Maryjo,Hugnet,mhugnetmg@umn.edu,5897993147,699 Thierer Court,false
810,Marisa,Deignan,mdeignanmh@dot.gov,4574047452,17 Lawn Center,true
811,Jeanna,Jakubovski,jjakubovskimi@typepad.com,4421158500,046 Ohio Road,true
812,Guenevere,Maffia,gmaffiamj@soup.io,9274841691,51 Brickson Park Hill,true
813,Gasparo,Jorin,gjorinmk@w3.org,2322770453,06730 6th Park,false
814,Mickie,Bernardes,mbernardesml@washington.edu,1654825306,05 Kenwood Point,true
815,Arnuad,Aronoff,aaronoffmm@amazon.co.uk,3228134718,2608 Barby Park,false
816,Timothy,Pudsey,tpudseymn@google.fr,1155722788,30 Mockingbird Junction,false
817,Margie,Peller,mpellermo@wikia.com,3049805411,5 Lakeland Plaza,true
818,Fairlie,Lyon,flyonmp@myspace.com,3165730472,9947 Springview Street,false
819,Emmey,Dudlestone,edudlestonemq@cdbaby.com,7514681886,4288 Hoffman Trail,true
820,Dannie,Hemerijk,dhemerijkmr@princeton.edu,3574060814,41108 Golf Course Way,true
821,Frederic,Robarts,frobartsms@netscape.com,8946863918,604 Arrowood Road,false
822,Bartholomeo,Garrigan,bgarriganmt@1688.com,5596973741,2349 Monument Pass,false
823,Hamlin,McCalister,hmccalistermu@pbs.org,8789787655,3604 Montana Trail,true
824,Grace,Everly,geverlymv@ebay.com,1633220149,30 5th Street,false
825,Odelle,Grundwater,ogrundwatermw@cargocollective.com,7297830003,72531 Thackeray Avenue,true
826,Leonelle,Blench,lblenchmx@de.vu,5698464470,689 Calypso Circle,false
827,Matthiew,Lewsie,mlewsiemy@instagram.com,9853270066,51 Mitchell Trail,true
828,Roseline,Eagling,reaglingmz@elegantthemes.com,5873428044,424 Waywood Terrace,true
829,Carmelia,Chancelier,cchanceliern0@miitbeian.gov.cn,5795580175,592 South Circle,false
830,Mendy,Jamot,mjamotn1@gizmodo.com,5109613283,6900 International Point,true
831,Pandora,Pre,ppren2@cpanel.net,8199911768,453 Express Trail,true
832,Cass,Regis,cregisn3@vinaora.com,4484305289,56 Portage Way,false
833,Diarmid,Davydenko,ddavydenkon4@mapy.cz,3319045328,16 Warbler Alley,true
834,Gideon,Littlefield,glittlefieldn5@washington.edu,2924621122,59 Luster Center,true
835,Arturo,Balfour,abalfourn6@dagondesign.com,9561942343,722 Golf Center,false
836,Kilian,Whittaker,kwhittakern7@paginegialle.it,6523190123,13039 Debra Alley,true
837,Nico,Coon,ncoonn8@jimdo.com,2316082032,8 Kedzie Point,false
838,Flory,Chatwin,fchatwinn9@opera.com,3036062793,45478 Morningstar Circle,true
839,Althea,Dauber,adauberna@blogspot.com,1509877754,76820 Forest Dale Center,false
840,Justinian,Pengelly,jpengellynb@army.mil,1442799441,39738 Hazelcrest Terrace,true
841,Boycey,Lang,blangnc@sitemeter.com,5182958516,5 Johnson Way,false
842,Iorgo,Bursnoll,ibursnollnd@webnode.com,8342563248,8 Troy Terrace,true
843,Chris,MacCleay,cmaccleayne@whitehouse.gov,1597724828,79 Aberg Alley,false
844,Veradis,Bramhall,vbramhallnf@reddit.com,1786914877,44783 Bartelt Trail,false
845,Emyle,Lidgerton,elidgertonng@boston.com,1666622788,0885 Talmadge Crossing,false
846,Rozalie,Izchaki,rizchakinh@1und1.de,6329422420,89282 7th Alley,true
847,Walt,Seares,wsearesni@freewebs.com,3122491878,6 Wayridge Drive,false
848,Lolita,Cammis,lcammisnj@sina.com.cn,3898341146,78126 Old Gate Avenue,true
849,Cash,O'Deoran,codeorannk@sciencedirect.com,5301955686,04 Meadow Vale Plaza,true
850,Flor,Leroux,flerouxnl@simplemachines.org,3163896088,264 Division Junction,false
851,Thadeus,Gammill,tgammillnm@usa.gov,5546841347,7213 Atwood Crossing,false
852,Kirbie,Manoelli,kmanoellinn@tinypic.com,5173796371,467 Gale Center,true
853,Glory,Sutch,gsutchno@barnesandnoble.com,6643432504,2995 Mccormick Avenue,true
854,Carny,Shorte,cshortenp@com.com,7861639306,7 Chinook Alley,false
855,Frederich,Coneybeare,fconeybearenq@alexa.com,5453341830,0 Merchant Point,false
856,Shannon,Sisson,ssissonnr@dailymotion.com,2848786123,01 Village Street,false
857,Afton,Polack,apolackns@odnoklassniki.ru,2664716642,4 Center Crossing,false
858,Bert,Janowicz,bjanowicznt@webnode.com,6416192908,7485 Darwin Circle,true
859,Renae,Reinert,rreinertnu@nasa.gov,9654962342,53 Cody Lane,true
860,Calvin,Chippendale,cchippendalenv@msu.edu,5245827435,4426 Mcbride Lane,false
861,Godfree,MacVaugh,gmacvaughnw@prlog.org,6894184222,7 Corben Point,true
862,Sutherland,Meanwell,smeanwellnx@theatlantic.com,8961858465,98909 Artisan Road,true
863,Tiff,Ailsbury,tailsburyny@gnu.org,5858983676,89 Butterfield Way,false
864,Vina,Demongeot,vdemongeotnz@miitbeian.gov.cn,2037563354,936 Hallows Street,false
865,Tarrance,Heasman,theasmano0@nasa.gov,7839921873,7 Meadow Valley Plaza,true
866,Maximilian,Wetton,mwettono1@yale.edu,1975027339,51529 Grover Hill,false
867,Niall,Burtwistle,nburtwistleo2@yellowbook.com,8388693416,768 Saint Paul Trail,false
868,Buffy,Burkin,bburkino3@netvibes.com,7178499269,040 Harbort Plaza,true
869,Edythe,Dennerly,edennerlyo4@cnn.com,7071361560,6 Colorado Terrace,true
870,Thea,Bruhnicke,tbruhnickeo5@google.com.au,2268536646,4396 Center Avenue,true
871,Weylin,Sheriff,wsheriffo6@google.com.au,7533045075,093 Florence Parkway,false
872,Link,Stoneham,lstonehamo7@java.com,5883778149,1 Twin Pines Plaza,false
873,Emelia,Forber,eforbero8@domainmarket.com,6083059526,09 Algoma Alley,false
874,Gannon,Guinery,gguineryo9@twitter.com,7352531466,4 Stang Point,false
875,Koralle,Mallender,kmallenderoa@weibo.com,6017838231,75 Dorton Place,true
876,Miran,Bramley,mbramleyob@1und1.de,1973394217,1299 Sycamore Way,false
877,Rory,Luckcock,rluckcockoc@jiathis.com,4155818579,6116 Sundown Avenue,false
878,Lloyd,Membry,lmembryod@spotify.com,5978102493,64 Myrtle Lane,false
879,Gorden,Lovelock,glovelockoe@i2i.jp,3131824432,5304 Village Green Pass,false
880,Kristine,Pinnock,kpinnockof@ted.com,6205616096,018 Gulseth Terrace,true
881,Nicholle,Micallef,nmicallefog@opensource.org,4421408670,81 Red Cloud Park,true
882,Merrel,Beers,mbeersoh@icio.us,1702669694,31 Fisk Place,true
883,Blaire,Bessent,bbessentoi@wired.com,6572027616,0 Cordelia Point,false
884,Margarete,Tuckey,mtuckeyoj@delicious.com,5113451223,920 Forest Lane,false
885,Elaine,Shillum,eshillumok@epa.gov,6185229839,291 3rd Way,true
886,Dru,Saddleton,dsaddletonol@51.la,1161441999,336 Hayes Park,true
887,Adiana,Preston,aprestonom@ucoz.com,3889707458,4 Oriole Avenue,false
888,Tandy,Duerden,tduerdenon@etsy.com,1533023568,9 Hoard Plaza,false
889,Loella,Castille,lcastilleoo@unblog.fr,4513377816,21270 Menomonie Court,false
890,Jaymie,O' Mahony,jomahonyop@unicef.org,3247436195,241 Cody Street,false
891,Starlene,Code,scodeoq@hud.gov,5493217625,64377 Westend Place,true
892,Maddy,Mathon,mmathonor@bloglovin.com,3551688066,94 Farmco Avenue,false
893,Blinny,Epilet,bepiletos@odnoklassniki.ru,9071076725,49 Canary Center,true
894,Alano,Povele,apoveleot@sina.com.cn,1145034854,97791 Kipling Trail,true
895,Sara,Mangeot,smangeotou@friendfeed.com,2316646369,3 Heffernan Pass,false
896,Eryn,MacSkeaghan,emacskeaghanov@google.nl,8633022402,018 Hallows Trail,true
897,Glyn,Leeburne,gleeburneow@huffingtonpost.com,7983530344,64344 Thompson Terrace,false
898,Mariel,Leif,mleifox@yahoo.co.jp,6967808198,41 Maryland Junction,false
899,Leicester,Osipov,losipovoy@blog.com,7548099010,939 Evergreen Street,false
900,Chere,Crisford,ccrisfordoz@imdb.com,9765084489,3123 Warner Crossing,false
901,Blythe,Mackneis,bmackneisp0@liveinternet.ru,9388192322,3 Monica Way,false
902,Madelena,Glawsop,mglawsopp1@bloglines.com,9549322540,14 Monument Court,false
903,Corenda,Balden,cbaldenp2@businesswire.com,2356389055,3759 Graceland Place,true
904,Reiko,Goadsby,rgoadsbyp3@miibeian.gov.cn,7917841272,79 Green Street,false
905,Lila,Grigoire,lgrigoirep4@fda.gov,9263111312,5 Paget Parkway,true
906,Atalanta,Burnard,aburnardp5@typepad.com,8134309113,437 Burning Wood Pass,false
907,Jesselyn,McClenan,jmcclenanp6@list-manage.com,7032033843,57528 International Place,false
908,Timothy,Aggus,taggusp7@buzzfeed.com,9264588366,537 Manitowish Parkway,true
909,Felix,Beese,fbeesep8@oakley.com,6804314106,2275 Stang Way,true
910,Munroe,Ander,manderp9@nyu.edu,1793916357,3 Sachs Way,true
911,Pooh,MacAdam,pmacadampa@plala.or.jp,2543949558,6 Maple Wood Point,true
912,Analise,Walsh,awalshpb@upenn.edu,5628202435,1 Lake View Place,true
913,Jodee,Adiscot,jadiscotpc@shop-pro.jp,7164828314,68288 Bluestem Plaza,false
914,Ava,O'Concannon,aoconcannonpd@patch.com,1433046149,84995 Nevada Point,false
915,Amata,Tunn,atunnpe@uiuc.edu,5704779011,53109 Old Gate Terrace,false
916,Ibrahim,Cockings,icockingspf@baidu.com,2759863359,6533 Utah Lane,false
917,Catharina,Crocroft,ccrocroftpg@senate.gov,6892300107,418 Sommers Plaza,false
918,Barn,Sanderson,bsandersonph@ox.ac.uk,3753440638,4 Red Cloud Street,true
919,Sibyl,Fibbit,sfibbitpi@mysql.com,4922749989,0963 Erie Alley,false
920,Peirce,Flay,pflaypj@hostgator.com,6422149701,5944 Dixon Circle,true
921,Paule,Alvares,palvarespk@wordpress.org,4976787400,8649 Graedel Plaza,true
922,Nelle,Cammish,ncammishpl@netvibes.com,2153344424,89 Talisman Place,true
923,Dew,Bugs,dbugspm@hubpages.com,4621751538,7 Vidon Lane,false
924,Reube,Busswell,rbusswellpn@apple.com,4187925043,6 Sherman Pass,true
925,Andra,Fane,afanepo@csmonitor.com,5128009116,0503 Del Mar Parkway,false
926,Ketti,Scotland,kscotlandpp@earthlink.net,9908073497,3054 Ilene Pass,false
927,Nonah,Gremane,ngremanepq@bing.com,4609595825,239 Bobwhite Drive,true
928,Oriana,Phillcox,ophillcoxpr@about.com,7834181396,078 Main Plaza,false
929,Ber,Griss,bgrissps@list-manage.com,3358543732,8 Park Meadow Street,false
930,Analiese,McIlwreath,amcilwreathpt@cisco.com,2558339783,09935 Thompson Road,true
931,Adina,Ellgood,aellgoodpu@miibeian.gov.cn,3361002452,74 Lunder Avenue,false
932,Boniface,Ever,beverpv@chron.com,4505591999,369 Jackson Center,true
933,Jameson,Borg-Bartolo,jborgbartolopw@ted.com,4223703991,470 Scoville Drive,false
934,Clevie,Nolton,cnoltonpx@npr.org,4696310131,61075 Hagan Park,false
935,Rafaelia,Luten,rlutenpy@ebay.com,4984445403,37964 1st Trail,false
936,Fidole,Hancorn,fhancornpz@cloudflare.com,7614038618,1605 School Park,false
937,Sydney,Tattershaw,stattershawq0@dailymail.co.uk,3257442917,11897 Sullivan Way,false
938,Evania,Maypowder,emaypowderq1@howstuffworks.com,9467362328,5 Almo Pass,false
939,Albie,Raffan,araffanq2@so-net.ne.jp,9578484716,144 Paget Junction,false
940,Silvan,Hiscoke,shiscokeq3@boston.com,9406709217,089 Anhalt Terrace,false
941,Northrup,Manach,nmanachq4@kickstarter.com,9506725275,2 Twin Pines Court,true
942,Inglebert,Grief,igriefq5@wisc.edu,2206588985,97 Kropf Place,true
943,Janaye,Normansell,jnormansellq6@artisteer.com,4402381201,988 Banding Trail,true
944,Rudie,Dumblton,rdumbltonq7@goo.ne.jp,1268575368,085 Sunfield Pass,false
945,Elvira,Spadollini,espadolliniq8@so-net.ne.jp,1414270339,79519 Arapahoe Plaza,false
946,Anthe,Curtiss,acurtissq9@lycos.com,1715382554,24800 Hayes Circle,false
947,Charleen,Coyish,ccoyishqa@flickr.com,6672415448,5 Prairieview Lane,true
948,Marleen,Janauschek,mjanauschekqb@state.gov,8898446434,47522 Moland Court,false
949,Marcos,Aspinal,maspinalqc@noaa.gov,6142109985,5063 Clyde Gallagher Road,true
950,Minor,Yakovlev,myakovlevqd@godaddy.com,6893686816,96 Cottonwood Center,true
951,Twyla,Stannion,tstannionqe@slate.com,9737171710,174 7th Terrace,true
952,Yancey,Shills,yshillsqf@cnbc.com,4868274705,70 Macpherson Avenue,false
953,Granger,Lassell,glassellqg@a8.net,5113938728,480 Buena Vista Place,true
954,Frasier,Runsey,frunseyqh@chicagotribune.com,4274260980,42420 Dixon Point,false
955,Giles,Gewer,ggewerqi@ibm.com,4268072249,2 Myrtle Hill,false
956,Thane,Sergant,tsergantqj@wired.com,5376120982,41 Northwestern Point,true
957,Clyve,Brandoni,cbrandoniqk@pcworld.com,5937612957,4607 Melby Avenue,false
958,Blaine,Skace,bskaceql@imageshack.us,1448427656,0 Prentice Court,true
959,Rudyard,Pallister,rpallisterqm@washingtonpost.com,8477181691,8 Victoria Court,true
960,Merrili,Westphal,mwestphalqn@cnn.com,2977456687,57 Pearson Circle,false
961,Chariot,Edghinn,cedghinnqo@nps.gov,7538007642,64661 Dorton Way,false
962,Brett,Gellately,bgellatelyqp@ebay.co.uk,2925646624,4 Springview Court,true
963,Gabriela,Strut,gstrutqq@dot.gov,8366734548,33 Glendale Road,false
964,Gwyn,MacIlhagga,gmacilhaggaqr@bigcartel.com,5363701504,68783 Utah Park,false
965,Leroi,Bernolet,lbernoletqs@ning.com,9003177408,6 Summit Park,true
966,Elene,Lorincz,elorinczqt@symantec.com,2565258494,42516 Menomonie Pass,true
967,Emylee,Etches,eetchesqu@com.com,5729101865,871 Corscot Lane,true
968,Krissy,Butterfill,kbutterfillqv@t-online.de,9026083323,6 Heffernan Junction,true
969,Vale,Tantum,vtantumqw@npr.org,6689218614,8623 Weeping Birch Road,false
970,Thane,Girtin,tgirtinqx@sbwire.com,6062573731,3 Maple Street,true
971,Clay,Cafe,ccafeqy@unicef.org,1861784917,3760 Eliot Park,true
972,Daffi,McKimm,dmckimmqz@ustream.tv,1316758084,80 Maple Hill,true
973,Marjie,Probets,mprobetsr0@reddit.com,4071261672,0 Forest Run Lane,true
974,Teddie,Gibbs,tgibbsr1@theglobeandmail.com,4158145003,4631 Ronald Regan Terrace,true
975,Lisabeth,Hasson,lhassonr2@xrea.com,5973741679,42 Elgar Point,true
976,Markos,Andriolli,mandriollir3@blogtalkradio.com,2592481728,63 Corscot Circle,false
977,Annmarie,Mistry,amistryr4@fastcompany.com,1206235851,9862 Hauk Street,false
978,Bron,Deares,bdearesr5@prlog.org,4057146076,60560 Hansons Crossing,true
979,Dunstan,Timms,dtimmsr6@ycombinator.com,3092947999,237 Mandrake Place,true
980,Hannis,Beckingham,hbeckinghamr7@wordpress.com,4932907704,09 Kinsman Center,true
981,Shanta,Fickling,sficklingr8@omniture.com,1853531865,669 Welch Avenue,true
982,Sandi,Caizley,scaizleyr9@amazon.co.uk,4879080532,55855 Marquette Avenue,true
983,Cheston,Gilloran,cgilloranra@washingtonpost.com,2188517864,494 West Circle,false
984,Valery,Buyers,vbuyersrb@seattletimes.com,2603280007,604 Thackeray Center,true
985,Anallise,Vanyakin,avanyakinrc@wordpress.org,9171778195,94704 Bonner Place,false
986,Owen,Hammerich,ohammerichrd@bandcamp.com,6299147619,0 Talmadge Court,false
987,Derward,Shevlin,dshevlinre@sohu.com,9327923097,26187 Coleman Park,true
988,Malva,Eyer,meyerrf@columbia.edu,6723313577,60347 Swallow Avenue,true
989,Maximo,L'Hommee,mlhommeerg@ehow.com,8833996167,4181 Mitchell Center,true
990,Sherill,Dunbobbin,sdunbobbinrh@jugem.jp,6582107447,0218 Summit Terrace,true
991,Helenka,Petrello,hpetrellori@privacy.gov.au,8669345994,12473 Badeau Pass,false
992,Maximilien,Lovell,mlovellrj@issuu.com,4177950077,29862 Walton Place,true
993,Obidiah,Bratt,obrattrk@springer.com,4188892800,0 Nelson Lane,true
994,Vilhelmina,Le Jean,vlejeanrl@xinhuanet.com,5644363600,95213 Dwight Park,false
995,Zilvia,Iglesias,ziglesiasrm@scientificamerican.com,5621268684,5847 Crowley Plaza,true
996,Kleon,Baldocci,kbaldoccirn@jalbum.net,8473906389,4184 Corry Terrace,true
997,Kevyn,Cutress,kcutressro@multiply.com,3524861958,59113 Lyons Plaza,true
998,Kimbra,Idill,kidillrp@deviantart.com,7488391524,951 Park Meadow Place,false
999,Ali,Ferreira,aferreirarq@desdev.cn,6745219747,8 Anderson Park,true
1000,Franchot,Petrovykh,fpetrovykhrr@fema.gov,5263707277,164 Alpine Center,true
1001,Marco,Das,das.sel@mail.com,41231231,direccion 123,true
1002,Daniel,Ortega,danimail@mail.com,4123124213,1234 calle falsa,false
